﻿<?xml version="1.0" encoding="utf-8" ?>
<Defs>

  <BodyPartGroupDef>
    <defName>BlackWidow_SpiderWaist</defName>
    <label>black widow spider torso</label>
    <listOrder>50</listOrder>
  </BodyPartGroupDef>

  <BodyPartGroupDef>
    <defName>BlackWidowLegs</defName>
    <label>widow's spider legs</label>
  </BodyPartGroupDef>
 
   <BodyPartGroupDef>
    <defName>BWShoulders</defName>
    <label>black widow's shoulders</label>
  </BodyPartGroupDef>
 
 
 <!--<BodyPartDef>
    <defName>Head</defName>
    <label>head</label>
    <hitPoints>25</hitPoints>
    <skinCovered>true</skinCovered>
    <canSuggestAmputation>false</canSuggestAmputation>
    <bleedRate>2</bleedRate>
  </BodyPartDef>

  <BodyPartDef>
    <defName>Skull</defName>
    <label>skull</label>
    <hitPoints>25</hitPoints>
    <permanentInjuryChanceFactor>0</permanentInjuryChanceFactor>
    <skinCovered>false</skinCovered>
    <solid>true</solid>
    <canSuggestAmputation>false</canSuggestAmputation>
    <bleedRate>0</bleedRate>
    <destroyableByDamage>false</destroyableByDamage>
  </BodyPartDef>-->

  <!--<BodyPartDef>
    <defName>Core_Mind</defName>
    <label>core mind</label>
    <hitPoints>10</hitPoints>
    <permanentInjuryChanceFactor>1</permanentInjuryChanceFactor>
    <delicate>true</delicate>
    <skinCovered>false</skinCovered>
    <tags>
      <li>ConsciousnessSource</li>
    </tags>
    <canSuggestAmputation>false</canSuggestAmputation>
  </BodyPartDef>-->

  <!--<BodyPartDef>
    <defName>Eye</defName>
    <label>eye</label>
    <hitPoints>6</hitPoints>
    <permanentInjuryChanceFactor>10</permanentInjuryChanceFactor>
    <delicate>true</delicate>
    <skinCovered>false</skinCovered>
    <socketed>true</socketed>
    <beautyRelated>true</beautyRelated>
    <tags>
      <li>SightSource</li>
    </tags>
    <hitChanceFactors>
      <li>
        <key>Blunt</key>
        <value>0</value>
      </li>
    </hitChanceFactors>
  </BodyPartDef>

  <BodyPartDef>
    <defName>Ear</defName>
    <label>ear</label>
    <hitPoints>12</hitPoints>
    <frostbiteVulnerability>5</frostbiteVulnerability>
    <skinCovered>true</skinCovered>
    <beautyRelated>true</beautyRelated>
    <tags>
      <li>HearingSource</li>
    </tags>
  </BodyPartDef>

  <BodyPartDef>
    <defName>Nose</defName>
    <label>nose</label>
    <hitPoints>10</hitPoints>
    <frostbiteVulnerability>5</frostbiteVulnerability>
    <skinCovered>true</skinCovered>
    <beautyRelated>true</beautyRelated>
    <solid>true</solid>
    <bleedRate>0</bleedRate>
    <permanentInjuryChanceFactor>0</permanentInjuryChanceFactor>
  </BodyPartDef>

  <BodyPartDef>
    <defName>Jaw</defName>
    <label>jaw</label>
    <hitPoints>20</hitPoints>
    <frostbiteVulnerability>2</frostbiteVulnerability>
    <permanentInjuryChanceFactor>0</permanentInjuryChanceFactor>
    <skinCovered>false</skinCovered>
    <solid>true</solid>
    <beautyRelated>true</beautyRelated>
    <bleedRate>0</bleedRate>
    <tags>
      <li>EatingSource</li>
      <li>TalkingSource</li>
    </tags>
  </BodyPartDef>

  <BodyPartDef>
    <defName>Neck</defName>
    <label>neck</label>
    <hitPoints>25</hitPoints>
    <bleedRate>4</bleedRate>
    <skinCovered>true</skinCovered>
    <tags>
      <li>BreathingPathway</li>
      <li>EatingPathway</li>
      <li>TalkingPathway</li>
    </tags>
    <canSuggestAmputation>false</canSuggestAmputation>
  </BodyPartDef>

  <BodyPartDef>
    <defName>Ribcage</defName>
    <label>ribcage</label>
    <hitPoints>30</hitPoints>
    <permanentInjuryChanceFactor>0</permanentInjuryChanceFactor>
    <skinCovered>false</skinCovered>
    <solid>true</solid>
    <bleedRate>0</bleedRate>
    <tags>
      <li>BreathingSourceCage</li>
    </tags>
    <destroyableByDamage>false</destroyableByDamage>
  </BodyPartDef>-->

  <!--<BodyPartDef>
    <defName>Spine</defName>
    <label>spine</label>
    <hitPoints>25</hitPoints>
    <permanentInjuryChanceFactor>6</permanentInjuryChanceFactor>
    <skinCovered>false</skinCovered>
    <solid>true</solid>
    <bleedRate>0</bleedRate>
    <canSuggestAmputation>false</canSuggestAmputation>
    <tags>
      <li>Spine</li>
    </tags>
  </BodyPartDef>-->

  <BodyPartDef>
    <defName>BlackWidowFirstRightLeg</defName>
    <label>first right leg</label>
    <hitPoints>12</hitPoints>
    <frostbiteVulnerability>8</frostbiteVulnerability>
    <permanentInjuryChanceFactor>0.08</permanentInjuryChanceFactor>	
    <skinCovered>true</skinCovered>
    <tags>
      <li>MovingLimbCore</li>
    </tags>
  </BodyPartDef>

   <BodyPartDef>
    <defName>BlackWidowSecondRightLeg</defName>
    <label>second right leg</label>
    <hitPoints>12</hitPoints>
    <frostbiteVulnerability>8</frostbiteVulnerability>
    <permanentInjuryChanceFactor>0.08</permanentInjuryChanceFactor>	
    <skinCovered>true</skinCovered>
    <tags>
      <li>MovingLimbCore</li>
    </tags>
  </BodyPartDef> 
  
  <BodyPartDef>
    <defName>BlackWidowThirdRightLeg</defName>
    <label>third right leg</label>
    <hitPoints>12</hitPoints>
    <frostbiteVulnerability>8</frostbiteVulnerability>
    <permanentInjuryChanceFactor>0.08</permanentInjuryChanceFactor>	
    <skinCovered>true</skinCovered>
    <tags>
      <li>MovingLimbCore</li>
    </tags>
  </BodyPartDef>
  
  
  <BodyPartDef>
    <defName>BlackWidowFourthRightLeg</defName>
    <label>fourth right leg</label>
    <hitPoints>12</hitPoints>
    <frostbiteVulnerability>8</frostbiteVulnerability>
    <permanentInjuryChanceFactor>0.08</permanentInjuryChanceFactor>	
    <skinCovered>true</skinCovered>
    <tags>
      <li>MovingLimbCore</li>
    </tags>
  </BodyPartDef> 
  
  
   <BodyPartDef>
    <defName>BlackWidowFirstLeftLeg</defName>
    <label>first left leg</label>
    <hitPoints>12</hitPoints>
    <frostbiteVulnerability>8</frostbiteVulnerability>
    <permanentInjuryChanceFactor>0.08</permanentInjuryChanceFactor>	
    <skinCovered>true</skinCovered>
    <tags>
      <li>MovingLimbCore</li>
    </tags>
  </BodyPartDef> 
  
  
   <BodyPartDef>
    <defName>BlackWidowSecondLeftLeg</defName>
    <label>second left leg</label>
    <hitPoints>12</hitPoints>
    <frostbiteVulnerability>8</frostbiteVulnerability>
    <permanentInjuryChanceFactor>0.08</permanentInjuryChanceFactor>	
    <skinCovered>true</skinCovered>
    <tags>
      <li>MovingLimbCore</li>
    </tags>
  </BodyPartDef> 
  
   <BodyPartDef>
    <defName>BlackWidowThirdLeftLeg</defName>
    <label>third left leg</label>
    <hitPoints>12</hitPoints>
    <frostbiteVulnerability>8</frostbiteVulnerability>
    <permanentInjuryChanceFactor>0.08</permanentInjuryChanceFactor>	
    <skinCovered>true</skinCovered>
    <tags>
      <li>MovingLimbCore</li>
    </tags>
  </BodyPartDef>  

   <BodyPartDef>
    <defName>BlackWidowFourthLeftLeg</defName>
    <label>fourth left leg</label>
    <hitPoints>12</hitPoints>
    <frostbiteVulnerability>8</frostbiteVulnerability>
    <permanentInjuryChanceFactor>0.08</permanentInjuryChanceFactor>	
    <skinCovered>true</skinCovered>
    <tags>
      <li>MovingLimbCore</li>
    </tags>
  </BodyPartDef> 
  
  
  
  
  
  <!--<BodyPartDef>
    <defName>Foot</defName>
    <label>foot</label>
    <hitPoints>25</hitPoints>
    <frostbiteVulnerability>0.5</frostbiteVulnerability>
    <skinCovered>true</skinCovered>
    <tags>
      <li>MovingLimbSegment</li>
    </tags>
  </BodyPartDef>-->

   <!--<BodyPartDef>
    <defName>Torso</defName>
    <label>torso</label>
    <hitPoints>40</hitPoints>
    <skinCovered>true</skinCovered>
    <canSuggestAmputation>false</canSuggestAmputation>
  </BodyPartDef>-->

  <BodyPartDef>
    <defName>BWBRShoulder</defName>
    <label>bottom right shoulder</label>
    <hitPoints>15</hitPoints>
    <skinCovered>true</skinCovered>
    <tags>
      <li>ManipulationLimbSegment</li>
    </tags>
  </BodyPartDef>

  <BodyPartDef>
    <defName>BWTRShoulder</defName>
    <label>top right shoulder</label>
    <hitPoints>15</hitPoints>
    <skinCovered>true</skinCovered>
    <tags>
      <li>ManipulationLimbSegment</li>
    </tags>
  </BodyPartDef>  
  
  
  <BodyPartDef>
    <defName>BWBLShoulder</defName>
    <label>bottom left shoulder</label>
    <hitPoints>15</hitPoints>
    <skinCovered>true</skinCovered>
    <tags>
      <li>ManipulationLimbSegment</li>
    </tags>
  </BodyPartDef>

  <BodyPartDef>
    <defName>BWTLShoulder</defName>
    <label>top left shoulder</label>
    <hitPoints>15</hitPoints>
    <skinCovered>true</skinCovered>
    <tags>
      <li>ManipulationLimbSegment</li>
    </tags>
  </BodyPartDef>
  
  
  <!--<BodyPartDef>
    <defName>Arm</defName>
    <label>arm</label>
    <hitPoints>20</hitPoints>
    <skinCovered>true</skinCovered>
    <tags>
      <li>ManipulationLimbCore</li>
    </tags>
  </BodyPartDef>-->
  
  <BodyPartDef>
    <defName>Pedipalp</defName>
    <label>pedipalp</label>
    <hitPoints>15</hitPoints>
    <skinCovered>true</skinCovered>
    <tags>
      <li>ManipulationLimbCore</li>
    </tags>
  </BodyPartDef>  

  <!--<BodyPartDef>
    <defName>Hand</defName>
    <label>hand</label>
    <hitPoints>20</hitPoints>
    <frostbiteVulnerability>0.5</frostbiteVulnerability>
    <skinCovered>true</skinCovered>
    <tags>
      <li>ManipulationLimbSegment</li>
    </tags>
  </BodyPartDef>

  <BodyPartDef>
    <defName>Finger</defName>
    <label>finger</label>
    <hitPoints>8</hitPoints>
    <frostbiteVulnerability>8</frostbiteVulnerability>
    <pawnGeneratorCanAmputate>true</pawnGeneratorCanAmputate>
    <skinCovered>true</skinCovered>
    <tags>
      <li>ManipulationLimbDigit</li>
    </tags>
  </BodyPartDef>-->

  <BodyPartDef>
    <defName>BlackWidow_Waist</defName>
    <label>black widow spider sternum</label>
    <conceptual>true</conceptual>
  </BodyPartDef>

  <BodyPartDef>
    <defName>BlackWidow_Abdomen</defName>
    <label>black widow spider abdomen, including spinerette</label>
    <conceptual>true</conceptual>
  </BodyPartDef>  
  
  
  <!-- Bones -->

  <!--<BodyPartDef>
    <defName>Clavicle</defName>
    <label>clavicle</label>
    <hitPoints>25</hitPoints>
    <permanentInjuryChanceFactor>0</permanentInjuryChanceFactor>
    <skinCovered>false</skinCovered>
    <solid>true</solid>
    <bleedRate>0</bleedRate>
    <tags>
      <li>ManipulationLimbSegment</li>
    </tags>
  </BodyPartDef>

  <BodyPartDef>
    <defName>Sternum</defName>
    <label>sternum</label>
    <hitPoints>20</hitPoints>
    <permanentInjuryChanceFactor>0</permanentInjuryChanceFactor>
    <skinCovered>false</skinCovered>
    <solid>true</solid>
    <bleedRate>0</bleedRate>
    <tags>
      <li>BreathingSourceCage</li>
    </tags>
  </BodyPartDef>

  <BodyPartDef>
    <defName>Humerus</defName>
    <label>humerus</label>
    <hitPoints>25</hitPoints>
    <permanentInjuryChanceFactor>0</permanentInjuryChanceFactor>
    <skinCovered>false</skinCovered>
    <solid>true</solid>
    <bleedRate>0</bleedRate>
    <tags>
      <li>ManipulationLimbSegment</li>
    </tags>
  </BodyPartDef>

  <BodyPartDef>
    <defName>Radius</defName>
    <label>radius</label>
    <hitPoints>20</hitPoints>
    <permanentInjuryChanceFactor>0</permanentInjuryChanceFactor>
    <skinCovered>false</skinCovered>
    <solid>true</solid>
    <bleedRate>0</bleedRate>
    <tags>
      <li>ManipulationLimbSegment</li>
    </tags>
  </BodyPartDef>

  <BodyPartDef>
    <defName>Pelvis</defName>
    <label>pelvis</label>
    <hitPoints>25</hitPoints>
    <permanentInjuryChanceFactor>0</permanentInjuryChanceFactor>
    <skinCovered>false</skinCovered>
    <solid>true</solid>
    <bleedRate>0</bleedRate>
    <tags>
      <li>Pelvis</li>
    </tags>
  </BodyPartDef>

  <BodyPartDef>
    <defName>Femur</defName>
    <label>femur</label>
    <hitPoints>25</hitPoints>
    <permanentInjuryChanceFactor>0</permanentInjuryChanceFactor>
    <skinCovered>false</skinCovered>
    <solid>true</solid>
    <bleedRate>0</bleedRate>
    <tags>
      <li>MovingLimbSegment</li>
    </tags>
  </BodyPartDef>

  <BodyPartDef>
    <defName>Tibia</defName>
    <label>tibia</label>
    <hitPoints>25</hitPoints>
    <permanentInjuryChanceFactor>0</permanentInjuryChanceFactor>
    <skinCovered>false</skinCovered>
    <solid>true</solid>
    <bleedRate>0</bleedRate>
    <tags>
      <li>MovingLimbSegment</li>
    </tags>
  </BodyPartDef>
  
  
    <BodyPartDef>
    <defName>Heart</defName>
    <label>heart</label>
    <hitPoints>15</hitPoints>
    <bleedRate>5</bleedRate>
    <skinCovered>false</skinCovered>
    <tags>
      <li>BloodPumpingSource</li>
    </tags>
    <spawnThingOnRemoved>Heart</spawnThingOnRemoved>
    <canSuggestAmputation>false</canSuggestAmputation>
  </BodyPartDef>

  <BodyPartDef>
    <defName>Lung</defName>
    <label>lung</label>
    <hitPoints>15</hitPoints>
    <skinCovered>false</skinCovered>
    <tags>
      <li>BreathingSource</li>
    </tags>
    <spawnThingOnRemoved>Lung</spawnThingOnRemoved>
  </BodyPartDef>

  <BodyPartDef>
    <defName>Kidney</defName>
    <label>kidney</label>
    <hitPoints>15</hitPoints>
    <skinCovered>false</skinCovered>
    <tags>
      <li>BloodFiltrationKidney</li>
    </tags>
    <spawnThingOnRemoved>Kidney</spawnThingOnRemoved>
  </BodyPartDef>

  <BodyPartDef>
    <defName>Liver</defName>
    <label>liver</label>
    <hitPoints>20</hitPoints>
    <skinCovered>false</skinCovered>
    <tags>
      <li>BloodFiltrationLiver</li>
    </tags>
    <spawnThingOnRemoved>Liver</spawnThingOnRemoved>
    <canSuggestAmputation>false</canSuggestAmputation>
  </BodyPartDef>-->

  <BodyPartDef>
    <defName>Brood_Mind</defName>
    <label>brood mind</label>
    <description>The natural brood mind symbiont hosted within a Black Widow's womb.</description>			
    <hitPoints>35</hitPoints>
    <skinCovered>false</skinCovered>
    <tags>
      <li>MetabolismSource</li>
      <li>ConsciousnessSource</li>	  
    </tags>
    <permanentInjuryChanceFactor>9999999</permanentInjuryChanceFactor>
    <canSuggestAmputation>false</canSuggestAmputation>
  </BodyPartDef>
  
 
  <HediffDef ParentName="AddedBodyPartBase">
    <defName>BionicRightPedipalp</defName>
    <label>bionic right pedipalp</label>
    <description>This bionic pedipalp renders what is otherwise a rather inoffensive part of Widow biology into a weapon of incredible destructive potential. Can stun enemies in close combat.</description>			
    <comps>
      <li Class="HediffCompProperties_VerbGiver">
        <tools>
          <li>
            <label>bionic right pedipalp</label>
            <capacities>
              <li>BW_Puncture</li>			  
            </capacities>
            <power>15</power>
            <cooldownTime>2.3</cooldownTime>
			<chanceFactor>0.25</chanceFactor>
          </li>
          <li>
            <label>bionic right pedipalp</label>
            <capacities>
              <li>Stab</li>			  
            </capacities>
            <power>15</power>
            <cooldownTime>2.3</cooldownTime>
			<chanceFactor>0.5</chanceFactor>
          </li>		  
        </tools>
      </li>  
    </comps>
    <spawnThingOnRemoved>BionicPedipalp</spawnThingOnRemoved>
    <addedPartProps>
      <solid>true</solid>
      <partEfficiency>1.0</partEfficiency>	  
    </addedPartProps>
    <!--<nakedBodyGraphicsPath>Things/Widows/WidowsBodyBionic/</nakedBodyGraphicsPath>-->	
  </HediffDef> 
  

    <HediffDef ParentName="AddedBodyPartBase">
    <defName>BionicLeftPedipalp</defName>
    <label>bionic left pedipalp</label>
    <description>This bionic pedipalp renders what is otherwise a rather inoffensive part of Widow biology into a weapon of incredible destructive potential. Can stun enemies in close combat.</description>		
    <comps>
      <li Class="HediffCompProperties_VerbGiver">
        <tools>
          <li>
            <label>bionic left pedipalp</label>
            <capacities>
              <li>BW_Puncture</li>			  
            </capacities>
            <power>15</power>
            <cooldownTime>2.3</cooldownTime>
			<chanceFactor>0.25</chanceFactor>
          </li>
          <li>
            <label>bionic left pedipalp</label>
            <capacities>
              <li>Stab</li>			  
            </capacities>
            <power>15</power>
            <cooldownTime>2.3</cooldownTime>
			<chanceFactor>0.5</chanceFactor>
          </li>		  
        </tools>
      </li>  
    </comps>	
    <spawnThingOnRemoved>BionicPedipalp</spawnThingOnRemoved>
    <addedPartProps>
      <solid>true</solid>
      <partEfficiency>1.0</partEfficiency>	  
    </addedPartProps>
    <!--<nakedBodyGraphicsPath>Things/Widows/WidowsBodyBionic/</nakedBodyGraphicsPath>-->	
  </HediffDef> 
  
 
  <HediffDef ParentName="AddedBodyPartBase">
    <defName>SimpleProstheticSpiderLeg</defName>
    <label>prosthetic spider leg</label>
    <description>a simple prosthetic spider leg that helps a crippled Widow get back on her... well, you get the idea.</description>		
    <!--<hitPoints>13</hitPoints>-->
    <labelNoun>a prosthetic spider leg</labelNoun>
    <spawnThingOnRemoved>SimpleProstheticSpiderLeg</spawnThingOnRemoved>
    <addedPartProps>
      <solid>true</solid>
      <partEfficiency>0.85</partEfficiency>
      <betterThanNatural>false</betterThanNatural>
    </addedPartProps>
  </HediffDef>

  <HediffDef ParentName="AddedBodyPartBase">
    <defName>BlackWidowShredderLeg</defName>
    <label>shredder leg</label>
    <description>This bionic spider leg is equipped with reticulating shredder talons. It sacrifices some speed, but gives those Widows equipped with in one heck of a lot of close combat ability.</description>		
    <labelNoun>a binoic shredder leg</labelNoun>
    <!--<hitPoints>15</hitPoints>-->	
    <comps>
      <li Class="HediffCompProperties_VerbGiver">
        <tools>
          <li>
            <label>shredder leg</label>
            <capacities>
              <li>BW_Slash</li>
            </capacities>
            <power>10</power>
            <cooldownTime>1</cooldownTime>
				<!--<surpriseAttack>
				  <extraMeleeDamages>
				  </extraMeleeDamages>
				</surpriseAttack>-->				
          </li>		  
		  </tools>				  
      </li>		  
    </comps>	
    <spawnThingOnRemoved>BlackWidowShredderLeg</spawnThingOnRemoved>
    <addedPartProps>
      <solid>true</solid>
      <partEfficiency>0.85</partEfficiency>
      <betterThanNatural>false</betterThanNatural>
    </addedPartProps>
	</HediffDef>  


	

  <!--<HediffDef ParentName="AddedBodyPartBase">
    <defName>SimpleProstheticHeart</defName>
    <label>prosthetic heart</label>
    <labelNoun>a prosthetic heart</labelNoun>
    <spawnThingOnRemoved>SimpleProstheticHeart</spawnThingOnRemoved>
    <addedPartProps>
      <solid>true</solid>
      <partEfficiency>0.80</partEfficiency>
      <betterThanNatural>false</betterThanNatural>
    </addedPartProps>
  </HediffDef>

  <HediffDef ParentName="AddedBodyPartBase">
    <defName>CochlearImplant</defName>
    <label>cochlear implant</label>
    <labelNoun>a cochlear implant</labelNoun>
    <spawnThingOnRemoved>CochlearImplant</spawnThingOnRemoved>
    <addedPartProps>
      <partEfficiency>0.65</partEfficiency>
      <betterThanNatural>false</betterThanNatural>
    </addedPartProps>
  </HediffDef>

  <HediffDef ParentName="AddedBodyPartBase">
    <defName>BionicEye</defName>
    <label>bionic eye</label>
    <labelNoun>a bionic eye</labelNoun>
    <spawnThingOnRemoved>BionicEye</spawnThingOnRemoved>
    <addedPartProps>
      <solid>true</solid>
      <partEfficiency>1.25</partEfficiency>
    </addedPartProps>
  </HediffDef>
  
  <HediffDef ParentName="AddedBodyPartBase">
    <defName>BionicSpine</defName>
    <label>bionic spine</label>
    <labelNoun>a bionic spine</labelNoun>
    <spawnThingOnRemoved>BionicSpine</spawnThingOnRemoved>
    <addedPartProps>
      <solid>true</solid>
    </addedPartProps>
  </HediffDef>

  <HediffDef ParentName="AddedBodyPartBase">
    <defName>BionicHeart</defName>
    <label>bionic heart</label>
    <labelNoun>a bionic heart</labelNoun>
    <spawnThingOnRemoved>BionicHeart</spawnThingOnRemoved>
    <addedPartProps>
      <solid>true</solid>
      <partEfficiency>1.25</partEfficiency>
    </addedPartProps>
  </HediffDef>-->
  
  <!--<HediffDef ParentName="AddedBodyPartBase">
    <defName>SimpleProstheticArm</defName>
    <label>prosthetic arm</label>
    <labelNoun>a prosthetic arm</labelNoun>
    <comps>
      <li Class="HediffCompProperties_VerbGiver">
        <tools>
          <li>
            <label>fist</label>
            <capacities>
              <li>Blunt</li>
            </capacities>
            <power>8.2</power>
            <cooldownTime>2</cooldownTime>
          </li>
        </tools>
      </li>
    </comps>
    <spawnThingOnRemoved>SimpleProstheticArm</spawnThingOnRemoved>
    <addedPartProps>
      <solid>true</solid>
      <partEfficiency>0.50</partEfficiency>
      <betterThanNatural>false</betterThanNatural>
    </addedPartProps>
  </HediffDef>-->

  <!--<HediffDef ParentName="AddedBodyPartBase">
    <defName>ArchotechEye</defName>
    <label>archotech eye</label>
    <labelNoun>an archotech eye</labelNoun>
    <spawnThingOnRemoved>ArchotechEye</spawnThingOnRemoved>
    <addedPartProps>
      <solid>true</solid>
      <partEfficiency>1.50</partEfficiency>
    </addedPartProps>
  </HediffDef>-->  
 

  <HediffDef ParentName="AddedBodyPartBase">
    <defName>BlackWidowSleipnirArm</defName>
    <label>sleipnir class widow's arm</label>
    <labelNoun>an sleipnir-reticulated bionic black widow arm</labelNoun>
    <description>Sleipnir reticulated bionic arm, dividing at the elbows into two separate fully functional lower arms and hands, allowing unprecedented manipulation ability.</description>	
    <comps>
      <li Class="HediffCompProperties_VerbGiver">
        <tools>
          <li>
            <label>fist</label>
            <capacities>
              <li>Blunt</li>
            </capacities>
            <power>10</power>
            <cooldownTime>2</cooldownTime>
          </li>
        </tools>
      </li>
    </comps>
    <spawnThingOnRemoved>BlackWidowSleipnirArm</spawnThingOnRemoved>
    <addedPartProps>
      <solid>true</solid>
      <partEfficiency>2.25</partEfficiency>
    </addedPartProps>
  </HediffDef> 
 
<HediffDef ParentName="AddedBodyPartBase">
    <defName>BlackWidowHeartMind</defName>
    <label>black widow heart mind</label>
    <description>a bionically amplified black widow core mind, known as a 'heart mind'</description>	
    <labelNoun>a bionically amplified black widow core mind, known as a 'heart mind'</labelNoun>
    <spawnThingOnRemoved>BlackWidowHeartMind</spawnThingOnRemoved>
    <addedPartProps>
      <solid>true</solid>
      <partEfficiency>1.0</partEfficiency>
    </addedPartProps>
  </HediffDef>
  
  <HediffDef ParentName="AddedBodyPartBase">
    <defName>BlackWidowIntegratedBroodMind</defName>
    <label>integrated brood mind</label>
    <description>The independent sentiences known as brood minds do not much care for being tampered with, but are happy to allow a widow to implant and alter her body to better house and protect them. Bionic womb mind shielding replaces a widow's biological uterus with an archotech quality mechanoid housing. This housing does little to change the operation of her brood mind, but it does amplify her ability to harness its energies without disturbing it, allowing widows to shrug off small quantities of damage with subdermally infused psionic shielding. The brood mind enjoys the extra attention, too, permanently boosting the gestalt's mood.</description>
    <spawnThingOnRemoved>BlackWidowIntegratedBroodMind</spawnThingOnRemoved> 
	<stages>
		<li>
					<painOffset>0.1</painOffset>
					<painFactor>1.1</painFactor>
			<capMods>
				<li>
				   <capacity>Sight</capacity>
				   <offset>0.15</offset>
				</li>
				<li>
				   <capacity>Hearing</capacity>
				   <offset>0.15</offset>
				</li>
			  <li>
				<capacity>Consciousness</capacity>
				<offset>2.0</offset>
			  </li>
				
			 </capMods>
		</li>
	</stages>	
	 <addedPartProps>
      <solid>true</solid>
      <partEfficiency>1.0</partEfficiency>
    </addedPartProps>
    <comps>
      <li Class="JecsTools.HediffCompProperties_DamageSoak">
        <damageToSoak>1</damageToSoak>
      </li>
    </comps>	
  </HediffDef> 
  

 
</Defs>
