<?xml version="1.0" encoding="utf-8" ?>
<Defs>

  <PawnKindDef Name="BlackWidow">
    <defName>BlackWidow</defName>
    <label>Black Widow Colonist</label>
    <race>Races_BlackWidow</race>
    <combatPower>50</combatPower>
    <baseRecruitDifficulty>0.80</baseRecruitDifficulty>
    <!--<backstoryCategories>
		<li>BlackWidow_Backstory</li>
	</backstoryCategories>-->
    <defaultFactionType>BlackWidow</defaultFactionType>
    <itemQuality>Good</itemQuality>
    <backstoryCryptosleepCommonality>0.1</backstoryCryptosleepCommonality>
    <isFighter>false</isFighter>
    <gearHealthRange>
      <min>0.2</min>
      <max>2.0</max>
    </gearHealthRange>
    <apparelMoney>
      <min>300</min>
      <max>900</max>
    </apparelMoney>
    <apparelTags>
      <li>BlackWidow</li>
    </apparelTags>
    <apparelAllowHeadgearChance>0.4</apparelAllowHeadgearChance>
    <weaponMoney>
      <min>3000</min>
      <max>50000</max>
    </weaponMoney>
    <techHediffsMoney>
      <min>2000</min>
      <max>30000</max>
    </techHediffsMoney>
    <techHediffsTags>
      <li>Advanced</li>
    </techHediffsTags>
    <techHediffsChance>0.01</techHediffsChance>
    <invNutrition>3</invNutrition>
    <inventoryOptions>
      <skipChance>0.7</skipChance>
      <subOptionsChooseOne>
        <li>
          <choiceChance>90</choiceChance>
          <thingDef>Silver</thingDef>
          <countRange>
            <min>25</min>
            <max>70</max>
          </countRange>
        </li>
        <li>
          <choiceChance>10</choiceChance>
          <thingDef>Silver</thingDef>
          <countRange>
            <min>700</min>
            <max>1000</max>
          </countRange>
        </li>
      </subOptionsChooseOne>
    </inventoryOptions>
   </PawnKindDef>
   
   <PawnKindDef ParentName="BlackWidow">
    <defName>BlackWidowMatron</defName>
    <label>Black Widow Matron</label>
    <race>Races_BlackWidow</race>	
    <factionLeader>true</factionLeader>
    <combatPower>190</combatPower>
    <defaultFactionType>BlackWidow</defaultFactionType>
    <backstoryCategories>
		<li>BlackWidowMatron_Backstory</li>
	</backstoryCategories>	
    <minGenerationAge>40</minGenerationAge>
    <maxGenerationAge>100</maxGenerationAge>
    <isFighter>false</isFighter>
    <gearHealthRange>
      <min>1</min>
      <max>1</max>
    </gearHealthRange>
    <itemQuality>Legendary</itemQuality>
    <weaponMoney>
      <min>999999</min>
      <max>3000000</max>
    </weaponMoney>
    <weaponTags>
    </weaponTags>
    <apparelMoney>
      <min>2000</min>
      <max>3000000</max>
    </apparelMoney>
    <apparelTags>
      <li>IndustrialMilitaryBasic</li>
      <li>BeltDefensePop</li>	  
    </apparelTags>
    <apparelRequired>
      <li>Apparel_BWWidowCrown</li>
	  <li>Apparel_HoverThrone</li>
    </apparelRequired>
    <techHediffsChance>0.0</techHediffsChance>
    <techHediffsMoney>
      <min>99999999</min>
      <max>99999999</max>
    </techHediffsMoney>
    <techHediffsTags>
      <li>Simple</li>
      <li>Advanced</li>
    </techHediffsTags>
  </PawnKindDef>
  
  
  
  <PawnKindDef ParentName="BlackWidow">
    <defName>BlackWidowTrader</defName>
    <label>hive-cluster trader</label>
    <race>Races_BlackWidow</race>	
    <trader>true</trader>
   <combatPower>90</combatPower>
    <defaultFactionType>BlackWidow</defaultFactionType>
    <backstoryCategories>
		<li>BlackWidow_Backstory</li>
	</backstoryCategories>	
    <minGenerationAge>40</minGenerationAge>
    <maxGenerationAge>100</maxGenerationAge>
    <isFighter>false</isFighter>
    <gearHealthRange>
      <min>1</min>
      <max>100</max>
    </gearHealthRange>
    <itemQuality>Good</itemQuality>
    <weaponMoney>
      <min>200</min>
      <max>200</max>
    </weaponMoney>
    <weaponTags>
      <li>Gun</li>
    </weaponTags>
    <apparelMoney>
      <min>700</min>
      <max>2000</max>
    </apparelMoney>
    <apparelTags>
      <li>IndustrialMilitaryBasic</li>
      <li>BeltDefensePop</li>
    </apparelTags>
    <apparelRequired>
      <li>Apparel_BWWidowMaidHelm</li>
	  <li>Apparel_BWNurseCostume</li>
	  <li>Apparel_BWLingerie</li>	  
    </apparelRequired>
    <techHediffsChance>0.15</techHediffsChance>
    <techHediffsMoney>
      <min>600</min>
      <max>5000</max>
    </techHediffsMoney>
    <techHediffsTags>
      <li>Simple</li>
      <li>Advanced</li>
    </techHediffsTags>	
  </PawnKindDef>

  
  
    <PawnKindDef>
    <defName>BlackWidowSlave</defName>
    <label>black widow slave</label>
    <race>Races_BlackWidow</race>
    <combatPower>35</combatPower>
    <baseRecruitDifficulty>0.40</baseRecruitDifficulty>
    <backstoryCategories>
		<li>BlackWidow_Backstory</li>
	</backstoryCategories>
    <defaultFactionType>BlackWidow</defaultFactionType>
    <itemQuality>Poor</itemQuality>
    <backstoryCryptosleepCommonality>0.1</backstoryCryptosleepCommonality>
    <isFighter>false</isFighter>
    <gearHealthRange>
      <min>0.2</min>
      <max>2.0</max>
    </gearHealthRange>
    <apparelMoney>
      <min>90</min>
      <max>280</max>
    </apparelMoney>
    <apparelTags>
      <li>BlackWidow</li>
    </apparelTags>
    <apparelAllowHeadgearChance>0.4</apparelAllowHeadgearChance>
    <techHediffsMoney>
      <min>60</min>
      <max>200</max>
    </techHediffsMoney>
    <techHediffsTags>
      <li>Advanced</li>
    </techHediffsTags>
    <techHediffsChance>0.01</techHediffsChance>
    <invNutrition>3</invNutrition>
  </PawnKindDef>
  
   <PawnKindDef>
    <defName>BlackWidowRefugee</defName>
    <label>black widow refugee</label>
    <race>Races_BlackWidow</race>
    <combatPower>40</combatPower>
    <baseRecruitDifficulty>0.50</baseRecruitDifficulty>
    <backstoryCategories>
		<li>BlackWidow_Backstory</li>
	</backstoryCategories>
    <defaultFactionType>BlackWidow</defaultFactionType>
    <itemQuality>Normal</itemQuality>
    <backstoryCryptosleepCommonality>0.1</backstoryCryptosleepCommonality>
    <isFighter>false</isFighter>
    <gearHealthRange>
      <min>0.2</min>
      <max>2.0</max>
    </gearHealthRange>
    <apparelMoney>
      <min>300</min>
      <max>500</max>
    </apparelMoney>
    <apparelTags>
      <li>BlackWidow</li>
    </apparelTags>
    <apparelAllowHeadgearChance>0.4</apparelAllowHeadgearChance>
    <techHediffsMoney>
      <min>200</min>
      <max>300</max>
    </techHediffsMoney>
    <techHediffsTags>
      <li>Advanced</li>
    </techHediffsTags>
    <techHediffsChance>0.01</techHediffsChance>
    <invNutrition>3</invNutrition>
  </PawnKindDef>

  <PawnKindDef>
    <defName>BlackWidowReaver</defName>
    <label>black widow reaver</label>
    <race>Races_BlackWidow</race>
    <combatPower>55</combatPower>
    <defaultFactionType>BlackWidow</defaultFactionType>
    <baseRecruitDifficulty>0.60</baseRecruitDifficulty>
    <backstoryCategories>
		<li>BlackWidow_Backstory</li>
	</backstoryCategories>
    <backstoryCryptosleepCommonality>0.1</backstoryCryptosleepCommonality>
    <maxGenerationAge>35</maxGenerationAge>
    <gearHealthRange>
      <min>0.4</min>
      <max>1.1</max>
    </gearHealthRange>
    <apparelMoney>
      <min>400</min>
      <max>1000</max>
    </apparelMoney>
    <apparelTags>
      <li>BlackWidowMilitary</li>
      <li>BlackWidowSoldier</li>
      <li>BlackWidowMeleeSoldier</li>	  
    </apparelTags>
    <apparelAllowHeadgearChance>0.4</apparelAllowHeadgearChance>
    <weaponMoney>
      <min>250</min>
      <max>345</max>
    </weaponMoney>
    <weaponTags>
      <li>NeolithicMeleeBasic</li>
      <li>BlackWidowMelee</li>		  
    </weaponTags>
    <techHediffsMoney>
      <min>50</min>
      <max>50</max>
    </techHediffsMoney>
    <techHediffsTags>
      <li>Advanced</li>
    </techHediffsTags>
    <techHediffsChance>0.05</techHediffsChance>
    <invNutrition>3</invNutrition>
  </PawnKindDef>

  <PawnKindDef>
    <defName>BlackWidowSniper</defName>
    <label>black widow hashashim</label>
    <race>Races_BlackWidow</race>
    <combatPower>120</combatPower>
    <defaultFactionType>BlackWidow</defaultFactionType>
    <baseRecruitDifficulty>0.70</baseRecruitDifficulty>
    <backstoryCategories>
		<li>BlackWidow_Backstory</li>
	</backstoryCategories>
    <invNutrition>3</invNutrition>
    <itemQuality>Good</itemQuality>
    <backstoryCryptosleepCommonality>0.25</backstoryCryptosleepCommonality>
    <maxGenerationAge>35</maxGenerationAge>
    <gearHealthRange>
      <min>0.7</min>
      <max>2.3</max>
    </gearHealthRange>
    <apparelTags>
      <li>BlackWidowMilitary</li>
      <li>BlackWidowSoldier</li>
    </apparelTags>
    <apparelRequired>
	  <li>Apparel_BWMAGISuitHelm</li>
      <li>Apparel_MAGISuit</li>
    </apparelRequired>
    <apparelMoney>
      <min>5000</min>
      <max>100000</max>
    </apparelMoney>
    <apparelAllowHeadgearChance>0.5</apparelAllowHeadgearChance>
    <weaponMoney>
      <min>5000</min>
      <max>100000</max>
    </weaponMoney>
    <weaponTags>
      <li>SniperRifle</li>
      <li>BlackWidowRanged</li>	  
    </weaponTags>
    <techHediffsMoney>
      <min>2000</min>
      <max>3500</max>
    </techHediffsMoney>
    <techHediffsTags>
      <li>Advanced</li>
    </techHediffsTags>
    <techHediffsChance>0.075</techHediffsChance>
    <inventoryOptions>
      <skipChance>0</skipChance>
      <subOptionsChooseOne>
        <li>
          <thingDef>Silver</thingDef>
          <countRange>
            <min>50</min>
            <max>200</max>
          </countRange>
        </li>
      </subOptionsChooseOne>
    </inventoryOptions>
  </PawnKindDef>

  <PawnKindDef>
    <defName>BlackWidowSlasher</defName>
    <label>super reaver</label>
    <combatPower>105</combatPower>
    <race>Races_BlackWidow</race>
    <defaultFactionType>BlackWidow</defaultFactionType>
    <baseRecruitDifficulty>0.70</baseRecruitDifficulty>
    <backstoryCategories>
		<li>BlackWidow_Backstory</li>
	</backstoryCategories>
    <invNutrition>3</invNutrition>
    <backstoryCryptosleepCommonality>0.25</backstoryCryptosleepCommonality>
    <maxGenerationAge>50</maxGenerationAge>
    <gearHealthRange>
      <min>0.5</min>
      <max>2.3</max>
    </gearHealthRange>
    <apparelTags>
      <li>BlackWidowMilitary</li>
      <li>BlackWidowSoldier</li>
      <li>BlackWidowMeleeSoldier</li>	  
    </apparelTags>
    <apparelRequired>
	  <li>Apparel_BWReaverHelm</li>
      <li>Apparel_HoverThrone</li>
    </apparelRequired>
    <apparelMoney>
      <min>3500</min>
      <max>100000</max>
    </apparelMoney>
    <apparelAllowHeadgearChance>0.75</apparelAllowHeadgearChance>
    <weaponMoney>
      <min>555</min>
      <max>999999</max>
    </weaponMoney>
    <weaponTags>
      <li>NonNeolithicOnlyMelee</li>
      <li>BlackWidowMelee</li>		  
    </weaponTags>	
    <techHediffsMoney>
      <min>5000</min>
      <max>10000</max>
    </techHediffsMoney>
    <techHediffsTags>
      <li>Advanced</li>
    </techHediffsTags>
    <techHediffsChance>0.08</techHediffsChance>
    <inventoryOptions>
      <skipChance>0</skipChance>
      <subOptionsChooseOne>
        <li>
          <thingDef>Silver</thingDef>
          <countRange>
            <min>180</min>
            <max>400</max>
          </countRange>
        </li>
      </subOptionsChooseOne>
    </inventoryOptions>
  </PawnKindDef>


  <PawnKindDef>
    <defName>BlackWidowGrenadier</defName>
    <label>black widow grenadier</label>
    <race>Races_BlackWidow</race>
    <combatPower>60</combatPower>
    <defaultFactionType>BlackWidow</defaultFactionType>
    <baseRecruitDifficulty>0.70</baseRecruitDifficulty>
    <backstoryCategories>
		<li>BlackWidow_Backstory</li>
	</backstoryCategories>
    <invNutrition>3</invNutrition>
    <itemQuality>Good</itemQuality>
    <backstoryCryptosleepCommonality>0.25</backstoryCryptosleepCommonality>
    <maxGenerationAge>35</maxGenerationAge>
    <gearHealthRange>
      <min>0.7</min>
      <max>2.3</max>
    </gearHealthRange>
    <apparelTags>
      <li>BlackWidowMilitary</li>
      <li>BlackWidowSoldier</li>
    </apparelTags>
    <apparelRequired>
	  <li>Apparel_BWSpiderFurs</li>
    </apparelRequired>	
    <apparelMoney>
      <min>5000</min>
      <max>10000</max>
    </apparelMoney>
    <apparelAllowHeadgearChance>0.5</apparelAllowHeadgearChance>
    <weaponMoney>
      <min>5000</min>
      <max>25000</max>
    </weaponMoney>
    <weaponTags>
      <li>GrenadeDestructive</li>  
    </weaponTags>
    <techHediffsMoney>
      <min>2000</min>
      <max>35000</max>
    </techHediffsMoney>
    <techHediffsTags>
      <li>Advanced</li>
    </techHediffsTags>
    <techHediffsChance>0.075</techHediffsChance>
    <inventoryOptions>
      <skipChance>0</skipChance>
      <subOptionsChooseOne>
        <li>
          <thingDef>Silver</thingDef>
          <countRange>
            <min>50</min>
            <max>200</max>
          </countRange>
        </li>
      </subOptionsChooseOne>
    </inventoryOptions>
  </PawnKindDef>
 






 
  
</Defs>
