﻿<?xml version="1.0" encoding="utf-8" ?>
<Defs>

  <!--=========================== cave tree base ==============================-->

	<ThingDef ParentName="PlantBase" Name="BWTreeBase" Abstract="True">
    <statBases>
      <MaxHitPoints>200</MaxHitPoints>
      <Flammability>0.8</Flammability>
      <Nutrition>1.7</Nutrition>
    </statBases>
    <altitudeLayer>Building</altitudeLayer>
    <selectable>true</selectable>
    <fillPercent>0.25</fillPercent>
    <graphicData>
      <shadowData>
        <volume>(0.2, 0.35, 0.13)</volume>
				<offset>(0,0,-0.42)</offset>
			</shadowData>
    </graphicData>
    <passability>PassThroughOnly</passability>
    <pathCost>130</pathCost>
    <blockWind>true</blockWind>
    <ingestible>
      <foodType>Tree</foodType>
      <preferability>RawBad</preferability>
    </ingestible>
    <plant>
      <growMinGlow>0</growMinGlow>
      <growOptimalGlow>0.0</growOptimalGlow>
      <cavePlant>true</cavePlant>	
      <lifespanDaysPerGrowDays>9</lifespanDaysPerGrowDays>
			<fertilitySensitivity>0.5</fertilitySensitivity>
			<soundHarvesting>Harvest_Tree</soundHarvesting>
      <soundHarvestFinish>Harvest_Tree_Finish</soundHarvestFinish>
      <sowWork>4000</sowWork>
      <sowMinSkill>6</sowMinSkill>
      <!--<sowResearchPrerequisites>
        <li>TreeSowing</li>
      </sowResearchPrerequisites>-->
      <mustBeWildToSow>false</mustBeWildToSow>
      <harvestWork>800</harvestWork>
      <!--<harvestedThingDef>WoodLog</harvestedThingDef>-
      <harvestYield>50</harvestYield>
      <harvestTag>Wood</harvestTag>-->
      <harvestMinGrowth>0.40</harvestMinGrowth>
      <harvestFailable>false</harvestFailable>
      <blockAdjacentSow>true</blockAdjacentSow>
      <sowTags>
        <li>Ground</li>
      </sowTags>
      <visualSizeRange>
        <min>1.3</min>
        <max>2.3</max>
      </visualSizeRange>
      <topWindExposure>0.25</topWindExposure>
      <wildClusterRadius>8</wildClusterRadius>
      <wildClusterWeight>24</wildClusterWeight>
      <wildOrder>1</wildOrder>
      <interferesWithRoof>false</interferesWithRoof>
    </plant>
  </ThingDef>

  
  <!--=========================== Tree crops ==============================-->

  <ThingDef ParentName="BWTreeBase">
    <defName>Plant_BWGraveSparkBush</defName>
    <label>gravespark bush</label>
    <description>The fruit of the gravespark bush is delicious, if a bit of an acquired taste due to its meaty undertones. The gravespark bush, itself, has co-evolved with a race of fireflies. The fireflies feed off of excess materials produced by the bush, and shelter in its toxic eaves. In exchange, their powerful bioluminescence is sufficient to allow the bush to engage in photosynthesis. When gathered as a crop, one should take care not to disturb the graveflies, for a gravespark bush will quickly wilt should they abandon it.</description>
    <graphicData>
      <texPath>Things/Item/Plant/BWGravesparkBush</texPath>
      <graphicClass>Graphic_Random</graphicClass>
        <shadowData>
          <volume>(0.15, 0.3, 0.15)</volume>
          <offset>(0,0,-0.38)</offset>
        </shadowData>
    </graphicData>
    <selectable>true</selectable>
    <statBases>
      <Beauty>2</Beauty>
      <Nutrition>0.8</Nutrition>
    </statBases>
    <ingestible />
		<plant>
			<dieIfLeafless>true</dieIfLeafless>
			<growDays>16</growDays>
	  <visualSizeRange>
        <min>0.8</min>
        <max>2.0</max>
      </visualSizeRange>
	   <sowMinSkill>7</sowMinSkill>
      <sowTags>
		<li>Ground</li>
	  </sowTags>
      <sowResearchPrerequisites>
        <li>BWGardens</li>
      </sowResearchPrerequisites>
      <topWindExposure>0.15</topWindExposure>
      <mustBeWildToSow>false</mustBeWildToSow>
      <immatureGraphicPath>Things/Item/Plant/BWGravesparkBush_Immature</immatureGraphicPath>
      <harvestWork>400</harvestWork>
			<harvestTag>Standard</harvestTag>
      <harvestYield>20</harvestYield>
      <harvestedThingDef>RawBWGravesparkFruit</harvestedThingDef>
      <harvestFailable>true</harvestFailable>
    </plant>
  </ThingDef>


</Defs>
