﻿<?xml version="1.0" encoding="utf-8" ?>
<Defs>

  <FactionDef Abstract="True" Name="BlackWidowFactionsettlement">
    <colorSpectrum>
      <li>(0, 0.737, 0.847)</li>
    </colorSpectrum>
  </FactionDef>
  
  <FactionDef Parent="BlackWidowFactionsettlement">
    <defName>BlackWidowPlayerColony</defName>
    <label>Black Widow Enclave</label>
    <description>Your own community. Raid, pillage, and make this Rimworld yours!</description>
    <isPlayer>true</isPlayer>
    <basicMemberKind>BlackWidow</basicMemberKind>
    <pawnsPlural>Widows</pawnsPlural>
    <techLevel>Spacer</techLevel>
    <backstoryFilters>
		<li>
			<categories>
				<li>Civil</li>
				<li>Tribal</li>
			</categories>
			<commonality>1</commonality>
		</li>	
    </backstoryFilters>	
    <homeIconPath>Things/World/BlackWidow</homeIconPath>
    <expandingIconTexture>World/WorldObjects/Expanding/Town</expandingIconTexture>
    <playerInitialSettlementNameMaker>NamerInitialSettlementColony</playerInitialSettlementNameMaker>
		<factionNameMaker>NamerFactionOutlander</factionNameMaker>
    <settlementNameMaker>NamerSettlementOutlander</settlementNameMaker>
		<geneticVariance>1</geneticVariance>
    <startingResearchTags>
      <li>ClassicStart</li>
    </startingResearchTags>
    <hairTags>
      <li>Urban</li>
    </hairTags>
    <apparelStuffFilter>
      <thingDefs>
        <li>Synthread</li>
      </thingDefs>
    </apparelStuffFilter>

  </FactionDef>

</Defs>