﻿<?xml version="1.0" encoding="utf-8" ?>
<Defs>

  
  <!-- ============================================================ -->

    <ThingDef ParentName="AnimalThingBase">
    <defName>BWFlooferMoth</defName>
    <label>wurmimwarten moth</label>
    <description>Larval shadows allowed to persist in the extradimensional home territory for long enough--often hundreds of years--eventually evolve into the ravenous Wurmimwarten. These vicious predators are extremely resilient to physical damage and have a terrible craving for flesh. Thankfully, they are generally contained within their own bubble of non-real space, but sometimes one will find its way through the rifts that Black Widow Reavers use to summon their younger larval forms. When they do so, they can be an incredible asset to those widows able to fully tame it.</description>
    <statBases>
      <MoveSpeed>3.5</MoveSpeed>
      <MarketValue>4000</MarketValue>
      <ComfyTemperatureMin>-15</ComfyTemperatureMin>
      <ComfyTemperatureMax>70</ComfyTemperatureMax>
	  <!--<Consciousness>2.0</Consciousness>-->	  
      <ArmorRating_Sharp>0.65</ArmorRating_Sharp>
      <ArmorRating_Blunt>0.35</ArmorRating_Blunt>
      <ArmorRating_Heat>0.20</ArmorRating_Heat>
    </statBases>
    <comps>
	  <!--<li Class="CompProperties_Glower">
        <overlightRadius>4.0</overlightRadius>
        <glowRadius>8</glowRadius>
        <glowColor>(40,10,40,5)</glowColor>
      </li>-->  
			<li Class="PawnShields.CompProperties_Shield">
				<!-- Rendering systems -->
				<!--<wieldedGraphic>
					<graphicClass>Graphic_Multi</graphicClass>
					<texPath>Things/Pawn/Dwarf/Apparel/Shields/sheidulaDwarfShied</texPath>
					<drawSize>(1.1, 1.1)</drawSize>
				</wieldedGraphic>-->
				<!--<renderProperties>
					<northOffset>(-0.3, -0.017, -0.3)</northOffset>
					<southOffset>(0.3, 0.033, -0.3)</southOffset>
					<westOffset>(-0.3, 0.053, -0.3)</westOffset>
					<eastOffset>(0.3, -0.017, -0.3)</eastOffset>
					<flipRotation>true</flipRotation>
					<renderWhenPeaceful>false</renderWhenPeaceful>
				</renderProperties>-->
				<!-- Blocking system (Optional???) -->
				<canBlockRanged>true</canBlockRanged>
				<canBlockMelee>true</canBlockMelee>
				<meleeBlockChanceFactor>8.0</meleeBlockChanceFactor>				<!-- Default: 1.0 == 100% -->
				<rangedBlockChanceFactor>0.5</rangedBlockChanceFactor>
				<!-- Shield damage system (Optional) -->
				<shieldTakeDamage>false</shieldTakeDamage>
				<!--<shieldTakeDamageFactor>1.2</shieldTakeDamageFactor>-->
				<!-- Auto discard system (Optional) -->
				<canBeAutoDiscarded>false</canBeAutoDiscarded>
				<!--<healthAutoDiscardThreshold>0.2</healthAutoDiscardThreshold>-->
				<!-- Shield fatigue system (Optional) -->
				<useFatigue>true</useFatigue>
				<damageToFatigueFactor>0.005</damageToFatigueFactor>
			</li>
    </comps>	
    <tools>
      <li>
        <label>psionic gem</label>
        <capacities>
          <li>BW_MindBlast</li>
        </capacities>
        <power>23</power>
        <cooldownTime>2.6</cooldownTime>
        <linkedBodyPartsGroup>HornAttackTool</linkedBodyPartsGroup>
        <surpriseAttack>
          <extraMeleeDamages>
            <li>
              <def>Stun</def>
              <amount>45</amount>
            </li>
          </extraMeleeDamages>
        </surpriseAttack>	
        <chanceFactor>1.5</chanceFactor>		
      </li>
      <li>
        <capacities>
          <li>Bite</li>
        </capacities>
        <power>20</power>
        <cooldownTime>2.0</cooldownTime>
        <linkedBodyPartsGroup>Teeth</linkedBodyPartsGroup>
        <chanceFactor>0.7</chanceFactor>
      </li>
      <li>
        <label>left wing</label>
        <capacities>
          <li>Blunt</li>
        </capacities>
        <power>19</power>
        <cooldownTime>2.2</cooldownTime>
        <linkedBodyPartsGroup>FrontLeftLeg</linkedBodyPartsGroup>
      </li>
      <li>
        <label>right wing</label>
        <capacities>
          <li>Blunt</li>
        </capacities>
        <power>19</power>
        <cooldownTime>2.2</cooldownTime>
        <linkedBodyPartsGroup>FrontRightLeg</linkedBodyPartsGroup>
      </li>
      <li>
        <label>head</label>
        <capacities>
          <li>Blunt</li>
        </capacities>
        <power>17</power>
        <cooldownTime>2</cooldownTime>
        <linkedBodyPartsGroup>HeadAttackTool</linkedBodyPartsGroup>
        <ensureLinkedBodyPartsGroupAlwaysUsable>true</ensureLinkedBodyPartsGroupAlwaysUsable>
        <chanceFactor>0.2</chanceFactor>
      </li>
    </tools>
    <race>
      <body>QuadrupedAnimalWithHoovesAndHorn</body>
      <herdMigrationAllowed>false</herdMigrationAllowed>
      <baseBodySize>4</baseBodySize>
      <baseHungerRate>2.5</baseHungerRate>
      <baseHealthScale>8.5</baseHealthScale>
      <foodType>OmnivoreRoughAnimal</foodType>
      <leatherDef>Leather_Heavy</leatherDef>
      <trainability>Advanced</trainability>
      <!--<gestationPeriodDays>60</gestationPeriodDays>-->
      <manhunterOnDamageChance>1.00</manhunterOnDamageChance>
      <wildness>0.35</wildness>
      <lifeExpectancy>220</lifeExpectancy>
      <lifeStageAges>
        <li>
          <def>AnimalBaby</def>
          <minAge>0</minAge>
        </li>
        <li>
          <def>AnimalJuvenile</def>
          <minAge>1.5</minAge>
        </li>
        <li>
          <def>AnimalAdult</def>
          <minAge>4.0</minAge>
          <soundWounded>Pawn_Megascarab_Wounded</soundWounded>
          <soundDeath>Pawn_Megascarab_Death</soundDeath>
          <soundCall>Pawn_Megascarab_Call</soundCall>
          <soundAngry>Pawn_Megascarab_Angry</soundAngry>
		  </li>
      </lifeStageAges>
      <soundMeleeHitPawn>Pawn_Melee_BigBash_HitPawn</soundMeleeHitPawn>
      <soundMeleeHitBuilding>Pawn_Melee_BigBash_HitBuilding</soundMeleeHitBuilding>
      <soundMeleeMiss>Pawn_Melee_BigBash_Miss</soundMeleeMiss>
    </race>
    <tradeTags>
      <li>AnimalInsect</li>
    </tradeTags>
  </ThingDef>

  <PawnKindDef ParentName="AnimalKindBase">
    <defName>BWFlooferMoth</defName>
    <label>wurmimwarten moth</label>
    <race>BWFlooferMoth</race>
    <combatPower>500</combatPower>
		<canArriveManhunter>true</canArriveManhunter>
    <ecoSystemWeight>1</ecoSystemWeight>
    <lifeStages>
      <li>
        <label>wurminwarten chrysalith</label>
        <labelPlural>wurminwarten chrysaliths</labelPlural>
        <bodyGraphicData>
          <texPath>Things/Pawn/Animal/BWFlooferMoth</texPath>
          <drawSize>2.5</drawSize>
          <shadowData>
            <volume>(0.4, 0.3, 0.3)</volume>
            <offset>(0,0,-0.2)</offset>
          </shadowData>
        </bodyGraphicData>
        <dessicatedBodyGraphicData>
          <texPath>Things/Pawn/Animal/Spelopede/Dessicated_Spelopede</texPath>
          <drawSize>2.5</drawSize>
        </dessicatedBodyGraphicData>
      </li>
      <li>
        <bodyGraphicData>
          <texPath>Things/Pawn/Animal/BWFlooferMoth</texPath>
          <drawSize>4.0</drawSize>
          <shadowData>
            <volume>(0.7, 0.6, 0.4)</volume>
            <offset>(0,0,-0.25)</offset>
          </shadowData>
        </bodyGraphicData>
        <dessicatedBodyGraphicData>
          <texPath>Things/Pawn/Animal/Spelopede/Dessicated_Spelopede</texPath>
          <drawSize>4.0</drawSize>
        </dessicatedBodyGraphicData>
      </li>
      <li>
        <bodyGraphicData>
          <texPath>Things/Pawn/Animal/BWFlooferMoth</texPath>
          <drawSize>4.8</drawSize>
          <shadowData>
            <volume>(1, 0.8, 0.5)</volume>
            <offset>(0,0,-0.5)</offset>
          </shadowData>
        </bodyGraphicData>
        <dessicatedBodyGraphicData>
          <texPath>Things/Pawn/Animal/Spelopede/Dessicated_Spelopede</texPath>
          <drawSize>5.0</drawSize>
        </dessicatedBodyGraphicData>
        <!--<butcherBodyPart>
          <bodyPartGroup>HornAttackTool</bodyPartGroup>
          <thing>ThrumboHorn</thing>
        </butcherBodyPart>-->
      </li>
    </lifeStages>
  </PawnKindDef>
  

  <!-- ============================================================ -->

  <ThingDef ParentName="AnimalThingBase">
    <defName>BWShadowWorm</defName>
    <label>larval shadow</label>
    <description>Larval shadows are semi-physical extradimensional beings summoned into existence by the psionic cries of an enthroned widow. Passive and delicate creatures, they are actually the larval stage of the much more aggressive (and highly dangerous) Wurmimwarten Moth.</description>
    <statBases>
      <MoveSpeed>3.2</MoveSpeed>
      <ComfyTemperatureMin>0</ComfyTemperatureMin>
      <MarketValue>300</MarketValue>
    </statBases>
	
    <tools>
      <li>
        <capacities>
          <li>Bite</li>
        </capacities>
        <power>8.8</power>
        <cooldownTime>2.6</cooldownTime>
        <linkedBodyPartsGroup>Mouth</linkedBodyPartsGroup>
        <chanceFactor>0.7</chanceFactor>
      </li>
      <li>
        <label>head</label>
        <capacities>
          <li>Blunt</li>
        </capacities>
        <power>7</power>
        <cooldownTime>2</cooldownTime>
        <linkedBodyPartsGroup>HeadAttackTool</linkedBodyPartsGroup>
        <ensureLinkedBodyPartsGroupAlwaysUsable>true</ensureLinkedBodyPartsGroupAlwaysUsable>
        <chanceFactor>0.2</chanceFactor>
      </li>
      <li>
        <label>left claw</label>
        <capacities>
          <li>Blunt</li>
          <li>Poke</li>
        </capacities>
        <power>8</power>
        <cooldownTime>2</cooldownTime>
        <linkedBodyPartsGroup>Mouth</linkedBodyPartsGroup>
      </li>
      <li>
        <label>right claw</label>
        <capacities>
          <li>Blunt</li>
          <li>Poke</li>
        </capacities>
        <power>8</power>
        <cooldownTime>2</cooldownTime>
        <linkedBodyPartsGroup>Mouth</linkedBodyPartsGroup>
      </li>
    </tools>
    <comps>
      <!--<li Class="CompProperties_Milkable">
        <milkDef>ThroneSilk</milkDef>
        <milkIntervalDays>1</milkIntervalDays>
        <milkAmount>15</milkAmount>
      </li>-->
	  <!--<li Class="CompProperties_Glower">
        <overlightRadius>4.0</overlightRadius>
        <glowRadius>8</glowRadius>
        <glowColor>(40,10,40,5)</glowColor>
      </li>-->	  
      <li Class="CompProperties_Shearable">
        <woolDef>ThroneSilk</woolDef>
        <shearIntervalDays>3</shearIntervalDays>
        <woolAmount>25</woolAmount>
      </li>
				<!--<li Class="Milky.CompProperties_MilkableHumanoid">
					<milkDef>ThroneSilk</milkDef>
					<ticksUntilMilking>30000</ticksUntilMilking>
					<milkAmount>10</milkAmount>
				</li>-->	  
	</comps>		
    <race>
      <body>BeetleLike</body>
      <herdAnimal>true</herdAnimal>
      <baseBodySize>2.5</baseBodySize>
      <baseHungerRate>0.9</baseHungerRate>
      <baseHealthScale>1.4</baseHealthScale>
      <foodType>VegetarianRoughAnimal</foodType>
      <leatherDef>Leather_Plain</leatherDef>
      <wildness>0.05</wildness>
      <trainability>Simple</trainability>
      <meatLabel>larval shadow meat</meatLabel>
      <!--<gestationPeriodDays>10000</gestationPeriodDays>-->
      <lifeExpectancy>15</lifeExpectancy>
      <manhunterOnDamageChance>0.05</manhunterOnDamageChance>
      <manhunterOnTameFailChance>0.05</manhunterOnTameFailChance>
      <lifeStageAges>
        <li>
          <def>AnimalBaby</def>
          <minAge>0</minAge>
        </li>
        <li>
          <def>AnimalJuvenile</def>
          <minAge>0.25</minAge>
        </li>
        <li>
          <def>AnimalAdult</def>
          <minAge>0.5</minAge>
          <soundWounded>Pawn_Megascarab_Wounded</soundWounded>
          <soundDeath>Pawn_Megascarab_Death</soundDeath>
          <soundCall>Pawn_Megascarab_Call</soundCall>
          <soundAngry>Pawn_Megascarab_Angry</soundAngry>
        </li>
      </lifeStageAges>
      <soundMeleeHitPawn>Pawn_Melee_BigBash_HitPawn</soundMeleeHitPawn>
      <soundMeleeHitBuilding>Pawn_Melee_BigBash_HitBuilding</soundMeleeHitBuilding>
      <soundMeleeMiss>Pawn_Melee_BigBash_Miss</soundMeleeMiss>
    </race>
    <tradeTags>
      <li>AnimalInsect</li>
    </tradeTags>
  </ThingDef>

  <PawnKindDef ParentName="AnimalKindBase">
    <defName>BWShadowWorm</defName>
    <label>larval shadow</label>
    <race>BWShadowWorm</race>
    <combatPower>50</combatPower>
    <ecoSystemWeight>1.1</ecoSystemWeight>
    <labelMale>larvum</labelMale>
    <labelFemale>larvette</labelFemale>
    <wildGroupSize>
      <min>3</min>
      <max>7</max>
    </wildGroupSize>
    <lifeStages>
      <li>
        <label>caterpillar</label>
        <labelPlural>caterpillars</labelPlural>
        <bodyGraphicData>
          <texPath>Things/Pawn/Animal/BWShadowWorm</texPath>
          <drawSize>1.3</drawSize>
          <!--<color>(170,170,170)</color>-->
          <shadowData>
            <volume>(0.4, 0.3, 0.3)</volume>
            <offset>(0,0,-0.2)</offset>
          </shadowData>
        </bodyGraphicData>
        <femaleGraphicData>
          <texPath>Things/Pawn/Animal/BWShadowWorm</texPath>
          <drawSize>1.25</drawSize>
          <!--<color>(200,200,200)</color>-->
          <shadowData>
            <volume>(0.4, 0.3, 0.3)</volume>
            <offset>(0,0,-0.2)</offset>
          </shadowData>
        </femaleGraphicData>
        <dessicatedBodyGraphicData>
          <texPath>Things/Pawn/Animal/Spelopede/Dessicated_Spelopede</texPath>
          <drawSize>1.3</drawSize>
        </dessicatedBodyGraphicData>
        <femaleDessicatedBodyGraphicData>
          <texPath>Things/Pawn/Animal/Spelopede/Dessicated_Spelopede</texPath>
          <drawSize>1.25</drawSize>
        </femaleDessicatedBodyGraphicData>
      </li>
      <li>
        <bodyGraphicData>
          <texPath>Things/Pawn/Animal/BWShadowWorm</texPath>
          <drawSize>2.15</drawSize>
          <!--<color>(170,170,170)</color>-->
          <shadowData>
            <volume>(0.6, 0.45, 0.45)</volume>
            <offset>(0,0,-0.25)</offset>
          </shadowData>
        </bodyGraphicData>
        <femaleGraphicData>
          <texPath>Things/Pawn/Animal/BWShadowWorm</texPath>
          <drawSize>2.0</drawSize>
          <!--<color>(200,200,200)</color>-->
          <shadowData>
            <volume>(0.6, 0.45, 0.45)</volume>
            <offset>(0,0,-0.25)</offset>
          </shadowData>
        </femaleGraphicData>
        <dessicatedBodyGraphicData>
          <texPath>Things/Pawn/Animal/Spelopede/Dessicated_Spelopede</texPath>
          <drawSize>2.15</drawSize>
        </dessicatedBodyGraphicData>
        <femaleDessicatedBodyGraphicData>
          <texPath>Things/Pawn/Animal/Spelopede/Dessicated_Spelopede</texPath>
          <drawSize>2.0</drawSize>
        </femaleDessicatedBodyGraphicData>
      </li>
      <li>
        <bodyGraphicData>
          <texPath>Things/Pawn/Animal/BWShadowWorm</texPath>
          <drawSize>2.7</drawSize>
          <!--<color>(170,170,170)</color>-->
          <shadowData>
            <volume>(0.8, 0.6, 0.6)</volume>
            <offset>(0,0,-0.3)</offset>
          </shadowData>
        </bodyGraphicData>
        <femaleGraphicData>
          <texPath>Things/Pawn/Animal/BWShadowWorm</texPath>
          <drawSize>2.6</drawSize>
          <!--<color>(200,200,200)</color>-->
          <shadowData>
            <volume>(0.8, 0.6, 0.6)</volume>
            <offset>(0,0,-0.3)</offset>
          </shadowData>
        </femaleGraphicData>
        <dessicatedBodyGraphicData>
          <texPath>Things/Pawn/Animal/Spelopede/Dessicated_Spelopede</texPath>
          <drawSize>2.7</drawSize>
        </dessicatedBodyGraphicData>
        <femaleDessicatedBodyGraphicData>
          <texPath>Things/Pawn/Animal/Spelopede/Dessicated_Spelopede</texPath>
          <drawSize>2.6</drawSize>
        </femaleDessicatedBodyGraphicData>
      </li>
    </lifeStages>	
  </PawnKindDef>
  
  <!-- ============================================================ -->

  
</Defs>
