<?xml version="1.0" encoding="utf-8" ?>
<Defs>

  <!-- ============================ Childhood ========================== -->
  
  <!-- All Black Widows Backgrounds have disabled
  Manual dumb labor -->
  
 <AlienRace.BackstoryDef Name="BlackWidow_Base" Abstract="True">
      <bodyTypeGlobal>Female</bodyTypeGlobal>
            <!-- <workDisables>
	<li>ManualDumb</li> 
    </workDisables> -->
    <spawnCategories>
      <li>BlackWidow_Backstory</li>
    </spawnCategories>
  </AlienRace.BackstoryDef>


			<!--=====Adulthood=====-->

<!-- Generic -->
<AlienRace.BackstoryDef>

    <defName>Black_Widow_Musician</defName>
    <title>Musician</title>
    <titleShort>Musician</titleShort>
    <baseDescription>{PAWN_nameDef} enjoyed making music, so much so SHE made a fairly sucessful career out of it.</baseDescription>

    <bodyTypeMale>Female</bodyTypeMale>
    <bodyTypeFemale>Female</bodyTypeFemale>

    <slot>Adulthood</slot>
    <skillGains>
      <li>
        <defName>Artistic</defName>
        <amount>6</amount>
      </li>
      <li>
        <defName>Social</defName>
        <amount>2</amount>
      </li>
    </skillGains>
    <spawnCategories>
      <li>BlackWidow_Backstory</li>
    </spawnCategories>

	</AlienRace.BackstoryDef>
	
	<AlienRace.BackstoryDef>

    <defName>Black_Widow_Stylist</defName>
    <title>Stylist</title>
    <titleShort>Stylist</titleShort>
    <baseDescription>{PAWN_nameDef} was a beautician, chatting with clients, carefully trimming hair, and using her additional limbs to achieve heights of hair-cutting perfection never before achieved.</baseDescription>

    <bodyTypeMale>Female</bodyTypeMale>
    <bodyTypeFemale>Female</bodyTypeFemale>

    <slot>Adulthood</slot>
    <skillGains>
      <li>
        <defName>Artistic</defName>
        <amount>2</amount>
      </li>
      <li>
        <defName>Social</defName>
        <amount>6</amount>
      </li>
    </skillGains>
    <spawnCategories>
      <li>BlackWidow_Backstory</li>
    </spawnCategories>

	</AlienRace.BackstoryDef>


    <AlienRace.BackstoryDef>

    <defName>Black_Widow_Hive</defName>
    <title>Hive worker</title>
    <titleShort>Worker</titleShort>
    <baseDescription>{PAWN_nameDef} lived in a planet sized hive-world. She worked in a massive production center with thousands or tens of thousands of other workers.</baseDescription>

    <bodyTypeMale>Female</bodyTypeMale>
    <bodyTypeFemale>Female</bodyTypeFemale>

    <slot>Adulthood</slot>
    <skillGains>
      <li>
        <defName>Construction</defName>
        <amount>2</amount>
      </li>
      <li>
        <defName>Crafting</defName>
        <amount>2</amount>
      </li>
    </skillGains>
    <spawnCategories>
      <li>BlackWidow_Backstory</li>
    </spawnCategories>

	</AlienRace.BackstoryDef>
	
	<AlienRace.BackstoryDef>
	    <defName>Black_Widow_Psypolice</defName>
    <title>Psy operative</title>
    <titleShort>Operative</titleShort>
    <baseDescription>BlackWidows are possessed of incredible latent psy abilities, and {PAWN_nameDef} used these abilities to secure herself a cushy position as a glitterworld police officer. All was going well, and she was only a short time away from a cushy retirement, until she discovered something she shouldn't have regarding a local politician's son.</baseDescription>

    <bodyTypeMale>Female</bodyTypeMale>
    <bodyTypeFemale>Female</bodyTypeFemale>

    <slot>Adulthood</slot>
    <skillGains>
      <li>
        <defName>Shooting</defName>
        <amount>3</amount>
      </li>
      <li>
        <defName>Social</defName>
        <amount>5</amount>
      </li>
    </skillGains>
    <spawnCategories>
      <li>BlackWidow_Backstory</li>
    </spawnCategories>

	</AlienRace.BackstoryDef>
	

	
	<AlienRace.BackstoryDef>
		    <defName>Black_Widow_Constructor</defName>
    <title>Construction worker</title>
    <titleShort>Constructor</titleShort>
    <baseDescription>{PAWN_nameDef} enjoyed her work, building large structures both in space and on solid ground as a constructor-mech pilot. While she didn't plan the buildings themselves, she took pride in her work.</baseDescription>

    <bodyTypeMale>Female</bodyTypeMale>
    <bodyTypeFemale>Female</bodyTypeFemale>

    <slot>Adulthood</slot>
    <skillGains>
      <li>
        <defName>Construction</defName>
        <amount>5</amount>
      </li>
    </skillGains>
    <spawnCategories>
      <li>BlackWidow_Backstory</li>
    </spawnCategories>

	</AlienRace.BackstoryDef>
	
<AlienRace.BackstoryDef>
		    <defName>Black_Widow_Engineer</defName>
    <title>Mech engineer</title>
    <titleShort>Engineer</titleShort>
    <baseDescription>{PAWN_nameDef} worked hard, day in, and day out, studying and fixing mechs for the Black Widows navy. She earned a reputation for being able to fix anything that was carried into her workshop, garnering much acclaim.</baseDescription>

    <bodyTypeMale>Female</bodyTypeMale>
    <bodyTypeFemale>Female</bodyTypeFemale>

    <slot>Adulthood</slot>
    <skillGains>
      <li>
        <defName>Construction</defName>
        <amount>2</amount>
      </li>
	        <li>
        <defName>Crafting</defName>
        <amount>6</amount>
      </li>
    </skillGains>
    <spawnCategories>
      <li>BlackWidow_Backstory</li>
    </spawnCategories>
	</AlienRace.BackstoryDef>


	<AlienRace.BackstoryDef>
		    <defName>Black_Widow_FR</defName>
    <title>First responder</title>
    <titleShort>Paramedic</titleShort>
    <baseDescription>{PAWN_nameDef} frequently tended to minor workplace accidents, providing first-responce care, and first-aid to small injuries. While SHE scarcely had to deal with major accidents, HER work taught HER much about patching wounds.</baseDescription>

    <bodyTypeMale>Female</bodyTypeMale>
    <bodyTypeFemale>Female</bodyTypeFemale>

    <slot>Adulthood</slot>
    <skillGains>
      <li>
        <defName>Medicine</defName>
        <amount>3</amount>
      </li>
    </skillGains>
    <spawnCategories>
      <li>BlackWidow_Backstory</li>
    </spawnCategories>

	</AlienRace.BackstoryDef>
	
	<AlienRace.BackstoryDef>

    <defName>Black_Widow_EcumenopolisB</defName>
    <title>Ecumenopolis scientist</title>
    <titleShort>H-scientist</titleShort>
    <baseDescription>{PAWN_nameDef} lived in one of the densely populated hive-worlds of the Black Widows empire. She worked in a massive science center with thousands of other intellectuals.</baseDescription>

    <bodyTypeMale>Female</bodyTypeMale>
    <bodyTypeFemale>Female</bodyTypeFemale>

    <slot>Adulthood</slot>
    <skillGains>
      <li>
        <defName>Intellectual</defName>
        <amount>6</amount>
      </li>
    </skillGains>
    <spawnCategories>
      <li>BlackWidow_Backstory</li>
    </spawnCategories>

	
	</AlienRace.BackstoryDef>
	
		    <AlienRace.BackstoryDef>

    <defName>Black_Widow_Miner</defName>
    <title>Resource-procurement specialist</title>
    <titleShort>RPS</titleShort>
    <baseDescription>Resources are critical for expansion, and {PAWN_nameDef} was one of many in charge of gathering them. SHE would go to deposits, program the constructor mechs to set up equipment, and do what was nessessary to extract all valuable resources.</baseDescription>

    <bodyTypeMale>Male</bodyTypeMale>
    <bodyTypeFemale>Female</bodyTypeFemale>

    <slot>Adulthood</slot>
    <skillGains>
	        <li>
        <defName>Construction</defName>
        <amount>3</amount>
      </li>
     <li>
        <defName>Intellectual</defName>
        <amount>3</amount>
      </li>
	  
    </skillGains>
    <spawnCategories>
      <li>BlackWidow_Backstory</li>
    </spawnCategories>


		
	</AlienRace.BackstoryDef>
	
			    <AlienRace.BackstoryDef>

    <defName>Black_Widow_Explorer</defName>
    <title>Exploration officer</title>
    <titleShort>Explorer</titleShort>
    <baseDescription>Exploration is always needed, be it across the surface of a planet, down in the depths of the ocean, or up in the darkest reaches of space, and {PAWN_nameDef} was one who was out there searching. She searched, charted, logged, and explored, searching for new opportunities for her species.</baseDescription>

    <bodyTypeMale>Male</bodyTypeMale>
    <bodyTypeFemale>Female</bodyTypeFemale>

    <slot>Adulthood</slot>
    <skillGains>
      <li>
        <defName>Melee</defName>
        <amount>1</amount>
      </li>
	        <li>
        <defName>Shooting</defName>
        <amount>1</amount>
      </li>
	        <li>
        <defName>Artistic</defName>
        <amount>1</amount>
      </li>
	        <li>
        <defName>Intellectual</defName>
        <amount>1</amount>
      </li>
    </skillGains>
    <spawnCategories>
      <li>BlackWidow_Backstory</li>
    </spawnCategories>

	
	</AlienRace.BackstoryDef>
	
				    <AlienRace.BackstoryDef>

    <defName>Black_Widow_Terrorist</defName>
    <title>Terrorist</title>
    <titleShort>Terrorist</titleShort>
    <baseDescription>There are many ways to express oneself, but {PAWN_nameDef} did so in a dangerous and illegal way. She spread terror in the name of her ideology.</baseDescription>

    <bodyTypeMale>Male</bodyTypeMale>
    <bodyTypeFemale>Female</bodyTypeFemale>

    <slot>Adulthood</slot>
    <skillGains>
      <li>
        <defName>Melee</defName>
        <amount>2</amount>
      </li>
	        <li>
        <defName>Shooting</defName>
        <amount>4</amount>
      </li>
	        <li>
        <defName>Social</defName>
        <amount>-2</amount>
      </li>
	        <li>
        <defName>Intellectual</defName>
        <amount>-2</amount>
      </li>
    </skillGains>
    <spawnCategories>
      <li>BlackWidow_Backstory</li>
    </spawnCategories>

	
	</AlienRace.BackstoryDef>
	
					    <AlienRace.BackstoryDef>

    <defName>Black_Widow_Cultist</defName>
    <title>Cultist</title>
    <titleShort>Cultist</titleShort>
    <baseDescription>{PAWN_nameDef} was part of the Curators, a religous cult of Black Widows Reavers that worshipped an extradimensional entity. Their leader was devoured by the entity they worshipped and they were forced to scatter, but the members of the cult still lurk... waiting for their leader's prophesied ressurection.</baseDescription>

    <bodyTypeMale>Male</bodyTypeMale>
    <bodyTypeFemale>Female</bodyTypeFemale>

    <slot>Adulthood</slot>
    <skillGains>
      <li>
        <defName>Melee</defName>
        <amount>2</amount>
      </li>
	        <li>
        <defName>Shooting</defName>
        <amount>2</amount>
      </li>
	        <li>
        <defName>Social</defName>
        <amount>2</amount>
      </li>
	        <li>
        <defName>Intellectual</defName>
        <amount>-4</amount>
      </li>
    </skillGains>
    <spawnCategories>
      <li>BlackWidow_Backstory</li>
    </spawnCategories>

	
	</AlienRace.BackstoryDef>

  <AlienRace.BackstoryDef>

    <defName>Black_Widow_Crafter</defName>
    <title>Weaponsmith</title>
    <titleShort>Weaponsmith</titleShort>
    <baseDescription>Any civilization finds themselves eventuially in war, either with themselves, or others. {PAWN_nameDef} was a designer of weapons of war, and she, along with others of her design team, made and improved weapons that have killed many, many people.</baseDescription>

    <bodyTypeMale>Male</bodyTypeMale>
    <bodyTypeFemale>Female</bodyTypeFemale>

    <slot>Adulthood</slot>
    <skillGains>
      <li>
        <defName>Shooting</defName>
        <amount>2</amount>
      </li>
      <li>
        <defName>Crafting</defName>
        <amount>6</amount>
      </li>
    </skillGains>
    <spawnCategories>
      <li>BlackWidow_Backstory</li>
    </spawnCategories>


    
    <!--<saveKeyIdentifier>BlackWidowIDCraftsman</saveKeyIdentifier>-->
    
  </AlienRace.BackstoryDef>

  <AlienRace.BackstoryDef>

    <defName>Black_Widow_Scientist</defName>
    <title>Scientist</title>
    <titleShort>Scientist</titleShort>
    <baseDescription>{PAWN_nameDef} was a researcher for the BlackWidow Empire. She dedicated her life to discovering the unknown.</baseDescription>

    <bodyTypeMale>Female</bodyTypeMale>
    <bodyTypeFemale>Female</bodyTypeFemale>

    <slot>Adulthood</slot>
    <skillGains>
      <li>
        <defName>Intellectual</defName>
        <amount>6</amount>
      </li>
    </skillGains>
    <spawnCategories>
      <li>BlackWidow_Backstory</li>
    </spawnCategories>


    
    <!--<saveKeyIdentifier>BlackWidowIDScientist</saveKeyIdentifier>-->
    
  </AlienRace.BackstoryDef>

  <AlienRace.BackstoryDef>

    <defName>Black_Widow_XenoZoo</defName>
    <title>Xeno zookeeper</title>
    <titleShort>Zookeeper</titleShort>
    <baseDescription>{PAWN_nameDef} worked at one of the many Xeno Zoos in the BlackWidow Empire and was very fond of the sentient captives contained within.
</baseDescription>

    <bodyTypeMale>Male</bodyTypeMale>
    <bodyTypeFemale>Female</bodyTypeFemale>

    <slot>Adulthood</slot>
    <skillGains>
      <li>
        <defName>Animals</defName>
        <amount>4</amount>
      </li>
      <li>
        <defName>Social</defName>
        <amount>-2</amount>
      </li>
    </skillGains>
    
    <spawnCategories>
      <li>BlackWidow_Backstory</li>
    </spawnCategories>
    
    <!--<saveKeyIdentifier>BlackWidowIDZookeeper</saveKeyIdentifier>-->

    
  </AlienRace.BackstoryDef>

  <AlienRace.BackstoryDef>

    <defName>Black_Widow_Colonizer</defName>
    <title>Colonizer</title>
    <titleShort>Colonizer</titleShort>
    <baseDescription>{PAWN_nameDef} is part of the effort to expand the BlackWidow Empire.
</baseDescription>

    <bodyTypeMale>Male</bodyTypeMale>
    <bodyTypeFemale>Female</bodyTypeFemale>

    <slot>Adulthood</slot>
    <skillGains>
      <li>
        <defName>Plants</defName>
        <amount>3</amount>
      </li>
      <li>
        <defName>Construction</defName>
        <amount>3</amount>
      </li>
	<li>
        <defName>Cooking</defName>
        <amount>3</amount>
    </li>

    </skillGains>
    
    <spawnCategories>
      <li>BlackWidow_Backstory</li>
    </spawnCategories>
    
    <!--<saveKeyIdentifier>BlackWidowIDColonizer</saveKeyIdentifier>-->

    
  </AlienRace.BackstoryDef>


<AlienRace.BackstoryDef>

    <defName>Black_Widow_Doctor</defName>
    <title>Doctor</title>
    <titleShort>Doctor</titleShort>
    <baseDescription>{PAWN_nameDef} has dedicated HER life to healing others.</baseDescription>

    <bodyTypeMale>Male</bodyTypeMale>
    <bodyTypeFemale>Female</bodyTypeFemale>

    <slot>Adulthood</slot>
    <skillGains>
      <li>
        <defName>Medicine</defName>
        <amount>6</amount>
      </li>
    </skillGains>
    
    <spawnCategories>
	 <li>BlackWidow_Backstory</li>
    </spawnCategories>
    
    <!--<saveKeyIdentifier>BlackWidowIDDoctor</saveKeyIdentifier>-->

    
  </AlienRace.BackstoryDef>



<AlienRace.BackstoryDef>

    <defName>Black_Widow_Ambassador</defName>
    <title>Ambassador</title>
    <titleShort>Ambassador</titleShort>
    <baseDescription>With the generally xenophilic opinion BlackWidows hold toward aliens, {PAWN_nameDef} took pride in her work as a foreign ambassador. She regularly met and kept goodwill with many xeno species.
</baseDescription>

    <bodyTypeMale>Female</bodyTypeMale>
    <bodyTypeFemale>Female</bodyTypeFemale>

    <slot>Adulthood</slot>
    <skillGains>
      <li>
        <defName>Social</defName>
        <amount>8</amount>
      </li>
    </skillGains>
    
    <spawnCategories>
      <li>BlackWidow_Backstory</li>
    </spawnCategories>
    
    <!--<saveKeyIdentifier>NorbalIDLiaison</saveKeyIdentifier>-->

    
  </AlienRace.BackstoryDef>


<AlienRace.BackstoryDef>

    <defName>Black_Widow_MechOfficer</defName>
    <title>Mech officer</title>
    <titleShort>Mech Officer</titleShort>
    <baseDescription>{PAWN_nameDef} led one of the infamous squads of Mechs that the Black Widows use in combat. 
</baseDescription>

    <bodyTypeMale>Female</bodyTypeMale>
    <bodyTypeFemale>Female</bodyTypeFemale>

    <slot>Adulthood</slot>
    <skillGains>
      <li>
        <defName>Social</defName>
        <amount>2</amount>
      </li>
      <li>
        <defName>Shooting</defName>
        <amount>3</amount>
      </li>
      <li>
        <defName>Melee</defName>
        <amount>3</amount>
      </li>
     <li>
        <defName>Construction</defName>
        <amount>2</amount>
      </li>
  
    </skillGains>
    
    <spawnCategories>
      <li>BlackWidow_Backstory</li>
      <li>BlackWidowOfficer</li>
    </spawnCategories>
    
    <!--<saveKeyIdentifier>BlackWidowIDOfficer</saveKeyIdentifier>-->

    
  </AlienRace.BackstoryDef>

<AlienRace.BackstoryDef>

    <defName>Black_Widow_Nurse</defName>
    <title>Nurse</title>
    <titleShort>Nurse</titleShort>
    <baseDescription>{PAWN_nameDef} made a living as a nurse working hospice care in a non-Black Widows' controlled glitter world.
</baseDescription>

    <bodyTypeMale>Female</bodyTypeMale>
    <bodyTypeFemale>Female</bodyTypeFemale>

    <slot>Adulthood</slot>
    <skillGains>
      <li>
        <defName>Medicine</defName>
        <amount>2</amount>
      </li>
      <li>
        <defName>Social</defName>
        <amount>3</amount>
      </li>
    </skillGains>
    
    <spawnCategories>
	 <li>BlackWidow_Backstory</li>
    </spawnCategories>
    
    <!--<saveKeyIdentifier>BlackWidowIDNurse</saveKeyIdentifier>-->

    
  </AlienRace.BackstoryDef>


<AlienRace.BackstoryDef>

    <defName>Black_Widow_NavyCook</defName>
    <title>Navy cook</title>
    <titleShort>Cook</titleShort>
    <baseDescription>{PAWN_nameDef} served as a chef in the Black Widow navy.
</baseDescription>

    <bodyTypeMale>Male</bodyTypeMale>
    <bodyTypeFemale>Female</bodyTypeFemale>

    <slot>Adulthood</slot>
    <skillGains>
      <li>
        <defName>Cooking</defName>
        <amount>4</amount>
      </li>
    </skillGains>
    
    <spawnCategories>
	 <li>BlackWidow_Backstory</li>
    </spawnCategories>
    
    <!--<saveKeyIdentifier>BlackWidowIDNavyCook</saveKeyIdentifier>-->

    
  </AlienRace.BackstoryDef>


<AlienRace.BackstoryDef>

    <defName>Black_Widow_Shellshocked</defName>
    <title>Survivor</title>
    <titleShort>Survivor</titleShort>
    <baseDescription>{PAWN_nameDef} served in the Black Widow mech corps. After serving in an invasion force against a rival army, she was the only survivor in her squad in a failed invasion attempt.
</baseDescription>

    <bodyTypeMale>Female</bodyTypeMale>
    <bodyTypeFemale>Female</bodyTypeFemale>

    <slot>Adulthood</slot>
    <skillGains>
      <li>
        <defName>Medicine</defName>
        <amount>2</amount>
      </li>
      <li>
        <defName>Construction</defName>
        <amount>5</amount>
      </li>
      <li>
        <defName>Social</defName>
        <amount>-2</amount>
      </li>

	</skillGains>
    
    <spawnCategories>
	 <li>BlackWidow_Backstory</li>
    </spawnCategories>
    
    <!--<saveKeyIdentifier>BlackWidowIDShellshocked</saveKeyIdentifier>-->

    
  </AlienRace.BackstoryDef>

  <AlienRace.BackstoryDef>
    <defName>Black_Widow_Hydro</defName>
    <title>Hydroponics worker</title>
    <titleShort>Grower</titleShort>
    <baseDescription>{PAWN_nameDef} worked in a giant hydroponics facility on one of the hive-world in the BlackWidow Empire. Given the high population densities they often reach, Black Widows' citizens require a great deal of food to survive. As a result, NAME's expertise in Plants food and maintaining the machinery that kept the facility operational was highly valued and she became quite conceited.
</baseDescription>

    <bodyTypeMale>Female</bodyTypeMale>
    <bodyTypeFemale>Female</bodyTypeFemale>

    <slot>Adulthood</slot>
    <skillGains>
      <li>
        <defName>Plants</defName>
        <amount>5</amount>
      </li>
      <li>
        <defName>Construction</defName>
        <amount>5</amount>
      </li>
      <li>
        <defName>Social</defName>
        <amount>-2</amount>
      </li>
	  
    </skillGains>	
    <spawnCategories>
	 <li>BlackWidow_Backstory</li>
    </spawnCategories>
    
    <!--<saveKeyIdentifier>BlackWidowIDGrower</saveKeyIdentifier>-->

    
  </AlienRace.BackstoryDef>


<!-- Melee -->


  <AlienRace.BackstoryDef>

    <defName>Black_Widow_ReaverWarrior</defName>
    <title>Reaver warrior</title>
    <titleShort>Reaver</titleShort>
    <baseDescription>{PAWN_nameDef} has been genetically engineered as a psionic warrior known as a Reaver. Trained to use her powers to devastating effect in hit-and-run raid style combat and geurilla campaigns, she is fearsome when provoked. </baseDescription>

    <bodyTypeMale>Female</bodyTypeMale>
    <bodyTypeFemale>Female</bodyTypeFemale>

    <slot>Adulthood</slot>
    <skillGains>
      <li>
        <defName>Shooting</defName>
        <amount>5</amount>
      </li>
      <li>
        <defName>Melee</defName>
        <amount>5</amount>
      </li>
      <li>
        <defName>Medicine</defName>
        <amount>5</amount>
      </li>
    </skillGains>
    
    <spawnCategories>
      <li>BlackWidowSoldier</li>
      <li>BlackWidow_Backstory</li>
    </spawnCategories>
    
    <!--<saveKeyIdentifier>BlackWidowIDGeneWarrior</saveKeyIdentifier>-->

    
  </AlienRace.BackstoryDef>
  
      <AlienRace.BackstoryDef>

    <defName>Black_Widow_GaiaA</defName>
    <title>Transcendent desirer</title>
    <titleShort>Desirer</titleShort>
    <baseDescription>{PAWN_nameDef} is a transcendent desirer--a lay-widow belonging to a state sanctioned fertility cult. On behalf of the Black Widows empire, she indoctrinates potential mates, either by searching them out in alien civilizations or serving in one of the xenos processing centers run by the Reavers caste. Regardless, she knows how to entice and seduce over a thousand compatible species and has borne many broodlings.</baseDescription>

    <bodyTypeMale>Female</bodyTypeMale>
    <bodyTypeFemale>Female</bodyTypeFemale>

    <slot>Adulthood</slot>
    <skillGains>
      <li>
        <defName>Social</defName>
        <amount>6</amount>
      </li>
      <li>
        <defName>Medicine</defName>
        <amount>2</amount>
      </li>
    </skillGains>
    <spawnCategories>
      <li>BlackWidow_Backstory</li>
    </spawnCategories>

    
  </AlienRace.BackstoryDef>
  
  
      <AlienRace.BackstoryDef>

    <defName>Black_Widow_Stripper</defName>
    <title>Black widow fallen broodmother</title>
    <titleShort>Fallen</titleShort>
    <baseDescription>{PAWN_nameDef} was a headmother of her planet's Transcendent fertility cult. A scandal following her post-coital murder of a high ranking human official's son led to a fall from grace.</baseDescription>

    <bodyTypeMale>Female</bodyTypeMale>
    <bodyTypeFemale>Female</bodyTypeFemale>

    <slot>Adulthood</slot>
    <skillGains>
      <li>
        <defName>Social</defName>
        <amount>6</amount>
      </li>
	  <li>
        <defName>Artistic</defName>
        <amount>3</amount>
      </li>
    </skillGains>
	<forcedTraits>
                    <li>
                        <defName>Beauty</defName>
                        <degree>2</degree>
                        <chance>60</chance>
                    </li>
                    <li>
                        <defName>Beauty</defName>
                        <degree>2</degree>
                        <chance>75</chance>
                    </li>
    </forcedTraits>
    <spawnCategories>
      <li>BlackWidow_Backstory</li>
    </spawnCategories>

    
  </AlienRace.BackstoryDef>
  
        <AlienRace.BackstoryDef>

    <defName>Black_Widow_Pornstar</defName>
    <title>Holovid star</title>
    <titleShort>Holo-star</titleShort>
    <baseDescription>{PAWN_nameDef} has made a name for herself performing in spider themed adult holovids. Who doesn't love spiders?</baseDescription>

    <bodyTypeMale>Female</bodyTypeMale>
    <bodyTypeFemale>Female</bodyTypeFemale>

    <slot>Adulthood</slot>
    <skillGains>
      <li>
        <defName>Social</defName>
        <amount>2</amount>
      </li>
	  <li>
        <defName>Artistic</defName>
        <amount>2</amount>
      </li>
    </skillGains>
	<forcedTraits>
                    <li>
                        <defName>Beauty</defName>
                        <degree>2</degree>
                        <chance>60</chance>
                    </li>
                    <li>
                        <defName>Beauty</defName>
                        <degree>1</degree>
                        <chance>75</chance>
                    </li>
    </forcedTraits>
    <spawnCategories>
      <li>BlackWidow_Backstory</li>
    </spawnCategories>

    
  </AlienRace.BackstoryDef>


			<!--=====Childhood=====-->


  <AlienRace.BackstoryDef>

    <defName>Black_Widow_CapitalChild</defName>
    <title>Palace child</title>
    <titleShort>BlackWidow</titleShort>
    <baseDescription>{PAWN_nameDef} was born on the Black Widow capital planet of Amadit's Husk. She was born to a wealthy family living in the gilded caves at the planet's hollowed out core.</baseDescription>

    <bodyTypeMale>Female</bodyTypeMale>
    <bodyTypeFemale>Female</bodyTypeFemale>

    <slot>Childhood</slot>
    <skillGains>
      <li>
        <defName>Social</defName>
        <amount>4</amount>
      </li>
    </skillGains>
    
    <spawnCategories>
      <li>BlackWidow_Backstory</li>
    </spawnCategories>
    
    <!--<saveKeyIdentifier>BlackWidowIDCapitalChild</saveKeyIdentifier>-->
	    <forcedHediffs>
<li>WombMind</li>
<!--<li>CoreMind</li>-->
        </forcedHediffs>   
  </AlienRace.BackstoryDef>

  <AlienRace.BackstoryDef>

    <defName>Black_Widow_GeneChild</defName>
    <title>Designer baby</title>
    <titleShort>Db</titleShort>
    <baseDescription>{PAWN_nameDef} was genetically engineered to be a perfect child.</baseDescription>

    <bodyTypeMale>Female</bodyTypeMale>
    <bodyTypeFemale>Female</bodyTypeFemale>

    <slot>Childhood</slot>

    <skillGains>
      <li>
        <defName>Construction</defName>
        <amount>2</amount>
      </li>
      <li>
        <defName>Social</defName>
        <amount>2</amount>
      </li>
      <li>
        <defName>Artistic</defName>
        <amount>2</amount>
      </li>
      <li>
        <defName>Crafting</defName>
        <amount>2</amount>
      </li>
    </skillGains>
    <forcedTraits>
                    <li>
                        <defName>Beauty</defName>
                        <degree>2</degree>
                        <chance>60</chance>
                    </li>
                    <li>
                        <defName>Beauty</defName>
                        <degree>1</degree>
                        <chance>75</chance>
                    </li>
    </forcedTraits>
    <spawnCategories>
      <li>BlackWidow_Backstory</li>
    </spawnCategories>
	    <forcedHediffs>
<li>WombMind</li>
<!--<li>CoreMind</li>-->
        </forcedHediffs>    
    <!--<saveKeyIdentifier>BlackWidowIDGeneChild</saveKeyIdentifier>-->
    
  </AlienRace.BackstoryDef>

  <AlienRace.BackstoryDef>

    <defName>Black_Widow_SpacerChild</defName>
    <title>Spacer</title>
    <titleShort>Spacer</titleShort>
    <baseDescription>{PAWN_nameDef} was born on a space ship and spent most of their childhood on one ship or another. The close quarters meant that she had to be friendly with her neighbors and had to know how to maintain the ship SHE was on.</baseDescription>

    <bodyTypeMale>Female</bodyTypeMale>
    <bodyTypeFemale>Female</bodyTypeFemale>

    <slot>Childhood</slot>
    <skillGains>
      <li>
        <defName>Social</defName>
        <amount>3</amount>
      </li>
      <li>
        <defName>Construction</defName>
        <amount>3</amount>
      </li>
    </skillGains>
    
    <spawnCategories>
      <li>BlackWidow_Backstory</li>
    </spawnCategories>
 	    <forcedHediffs>
<li>WombMind</li>
<!--<li>CoreMind</li>-->
        </forcedHediffs>   
    <!--<saveKeyIdentifier>BlackWidowIDCapitalChild</saveKeyIdentifier>-->
    
  </AlienRace.BackstoryDef>
  
    <AlienRace.BackstoryDef>

    <defName>Black_Widow_ColonyChild</defName>
    <title>Colonizer</title>
    <titleShort>Colonizer</titleShort>
    <baseDescription>{PAWN_nameDef} grew up in a fledgling colony. She had to make due without assistance from the Widow empire.</baseDescription>

    <bodyTypeMale>Female</bodyTypeMale>
    <bodyTypeFemale>Female</bodyTypeFemale>

    <slot>Childhood</slot>
    <skillGains>
      <li>
        <defName>Social</defName>
        <amount>1</amount>
      </li>
      <li>
        <defName>Plants</defName>
        <amount>2</amount>
      </li>
	        <li>
        <defName>Crafting</defName>
        <amount>3</amount>
      </li>
	  	        <li>
        <defName>Construction</defName>
        <amount>1</amount>
      </li>
    </skillGains>
    
    <spawnCategories>
      <li>BlackWidow_Backstory</li>
    </spawnCategories>
	    <forcedHediffs>
<li>WombMind</li>
<!--<li>CoreMind</li>-->
        </forcedHediffs>    
  </AlienRace.BackstoryDef>
  
      <AlienRace.BackstoryDef>

    <defName>Black_Widow_Kyle</defName>
    <title>Bully</title>
    <titleShort>Bully</titleShort>
    <baseDescription>{PAWN_nameDef} was a bully. She enjoyed roughing up the other children, and was very good at avoiding getting caught.</baseDescription>

    <bodyTypeMale>Female</bodyTypeMale>
    <bodyTypeFemale>Female</bodyTypeFemale>

    <slot>Childhood</slot>
    <skillGains>
      <li>
        <defName>Social</defName>
        <amount>1</amount>
      </li>
      <li>
        <defName>Melee</defName>
        <amount>3</amount>
      </li>
    </skillGains>
    
    <spawnCategories>
      <li>BlackWidow_Backstory</li>
    </spawnCategories>
	    <forcedHediffs>
<li>WombMind</li>
<!--<li>CoreMind</li>-->
        </forcedHediffs>    
  </AlienRace.BackstoryDef>

  <AlienRace.BackstoryDef>

    <defName>Black_Widow_Rbully</defName>
    <title>Repentant bully</title>
    <titleShort>Repentant</titleShort>
    <baseDescription>{PAWN_nameDef} used to be a bully, but then she messed with someone who fought back. The experience left her scarred, and she prefers to avoid fighting at all.</baseDescription>

    <bodyTypeMale>Female</bodyTypeMale>
    <bodyTypeFemale>Female</bodyTypeFemale>

    <slot>Childhood</slot>
    <skillGains>
      <li>
        <defName>Social</defName>
        <amount>1</amount>
      </li>
      <li>
        <defName>Melee</defName>
        <amount>-2</amount>
      </li>
      <li>
        <defName>Medicine</defName>
        <amount>1</amount>
      </li>
    </skillGains>
    <spawnCategories>
      <li>BlackWidow_Backstory</li>
    </spawnCategories>
	    <forcedHediffs>
<li>WombMind</li>
<!--<li>CoreMind</li>-->
        </forcedHediffs>    
  </AlienRace.BackstoryDef>
  
    <AlienRace.BackstoryDef>

    <defName>Black_Widow_Stargazer</defName>
    <title>Stargazer</title>
    <titleShort>Stargazer</titleShort>
    <baseDescription>The stars always facinated {PAWN_nameDef}, and knowing that one day she could go out amongst them drove her through her education at a very directed pace.</baseDescription>

    <bodyTypeMale>Female</bodyTypeMale>
    <bodyTypeFemale>Female</bodyTypeFemale>

    <slot>Childhood</slot>
    <skillGains>
      <li>
        <defName>Intellectual</defName>
        <amount>4</amount>
      </li>
    </skillGains>
	<forcedTraits>
                    <li>
                        <defName>Xenophobia</defName>
                        <degree>-1</degree>
                        <chance>60</chance>
                    </li>

    </forcedTraits>
    <spawnCategories>
      <li>BlackWidow_Backstory</li>
    </spawnCategories>
 	    <forcedHediffs>
<li>WombMind</li>
<!--<li>CoreMind</li>-->
        </forcedHediffs>   
  </AlienRace.BackstoryDef>
  
      <AlienRace.BackstoryDef>

    <defName>Black_Widow_MilitaryC</defName>
    <title>Military child</title>
    <titleShort>Militarist</titleShort>
    <baseDescription>The BlackWidow Navy always facinated {PAWN_nameDef}. She often visited military bases and watched weapon tests.</baseDescription>

    <bodyTypeMale>Female</bodyTypeMale>
    <bodyTypeFemale>Female</bodyTypeFemale>

    <slot>Childhood</slot>
    <skillGains>
      <li>
        <defName>Crafting</defName>
        <amount>2</amount>
      </li>
	        <li>
        <defName>Melee</defName>
        <amount>2</amount>
      </li>
    </skillGains>
    <spawnCategories>
      <li>BlackWidow_Backstory</li>
    </spawnCategories>
 	    <forcedHediffs>
<li>WombMind</li>
<!--<li>CoreMind</li>-->
        </forcedHediffs>   
  </AlienRace.BackstoryDef>
  
    <AlienRace.BackstoryDef>

    <defName>Black_Widow_GaiaChild</defName>
    <title>Gaia child</title>
    <titleShort>Gaia</titleShort>
    <baseDescription>{PAWN_nameDef} was born on a Gaia planet, a planet perfectly suited for nearly any carbon based life form. She benifited from a near perfect enviroment to grow up in.</baseDescription>

    <bodyTypeMale>Female</bodyTypeMale>
    <bodyTypeFemale>Female</bodyTypeFemale>

    <slot>Childhood</slot>
    <skillGains>
      <li>
        <defName>Social</defName>
        <amount>2</amount>
      </li>
      <li>
        <defName>Plants</defName>
        <amount>3</amount>
      </li>
    </skillGains>
    <spawnCategories>
      <li>BlackWidow_Backstory</li>
    </spawnCategories>
 	    <forcedHediffs>
<li>WombMind</li>
<!--<li>CoreMind</li>-->
        </forcedHediffs>   
  </AlienRace.BackstoryDef>
  
    <AlienRace.BackstoryDef>

    <defName>Black_Widow_Ecumenopolis</defName>
    <title>Ecumenopolis child</title>
    <titleShort>E-child</titleShort>
    <baseDescription>{PAWN_nameDef} was born in a planet sized city. She had to grow up with a population of potentially trillions, crowded condtions, and a lifestyle geared towards industry and science.</baseDescription>

    <bodyTypeMale>Female</bodyTypeMale>
    <bodyTypeFemale>Female</bodyTypeFemale>

    <slot>Childhood</slot>
    <skillGains>
      <li>
        <defName>Intellectual</defName>
        <amount>1</amount>
      </li>
      <li>
        <defName>Construction</defName>
        <amount>2</amount>
      </li>
      <li>
        <defName>Crafting</defName>
        <amount>2</amount>
      </li>
    </skillGains>
    <spawnCategories>
      <li>BlackWidow_Backstory</li>
    </spawnCategories>
 	    <forcedHediffs>
<li>WombMind</li>
<!--<li>CoreMind</li>-->
        </forcedHediffs> 	
	</AlienRace.BackstoryDef>
	
	<AlienRace.BackstoryDef>
	    <defName>Black_Widow_Gravity</defName>
    <title>Colonizer</title>
    <titleShort>Colonizer</titleShort>
    <baseDescription>{PAWN_nameDef} is from a high-gravity planet. As such, she is stronger then most.</baseDescription>

    <bodyTypeMale>Female</bodyTypeMale>
    <bodyTypeFemale>Female</bodyTypeFemale>

    <slot>Childhood</slot>
    <skillGains>
      <li>
        <defName>Melee</defName>
        <amount>2</amount>
      </li>
      <li>
        <defName>Mining</defName>
        <amount>4</amount>
      </li>
    </skillGains>
    <spawnCategories>
      <li>BlackWidow_Backstory</li>
    </spawnCategories>
 	    <forcedHediffs>
<li>WombMind</li>
<!--<li>CoreMind</li>-->
        </forcedHediffs> 	
	</AlienRace.BackstoryDef>
	
	<AlienRace.BackstoryDef>
		    <defName>Black_Widow_Climber</defName>
    <title>Cavern crawler</title>
    <titleShort>Crawler</titleShort>
    <baseDescription>{PAWN_nameDef} grew from a broodling in one of the many cavern temples in Amadit's Husk, building strength by finding HER way to the tops of caves.</baseDescription>

    <bodyTypeMale>Female</bodyTypeMale>
    <bodyTypeFemale>Female</bodyTypeFemale>

    <slot>Childhood</slot>
    <skillGains>
      <li>
        <defName>Melee</defName>
        <amount>2</amount>
      </li>
      <li>
        <defName>Mining</defName>
        <amount>2</amount>
      </li>
    </skillGains>
    <spawnCategories>
      <li>BlackWidow_Backstory</li>
    </spawnCategories>
 	    <forcedHediffs>
<li>WombMind</li>
<!--<li>CoreMind</li>-->
        </forcedHediffs> 	
	</AlienRace.BackstoryDef>
	
	<AlienRace.BackstoryDef>
			    <defName>Black_Widow_Mud</defName>
    <title>Digger</title>
    <titleShort>Digger</titleShort>
    <baseDescription>{PAWN_nameDef} was born on a more temperate hive-world and could frequently be found digging in the mud as a child, excavating potholes in the garden. She also learned a little about re-planting when she was forced to fix what was dug.
</baseDescription>

    <bodyTypeMale>Female</bodyTypeMale>
    <bodyTypeFemale>Female</bodyTypeFemale>

    <slot>Childhood</slot>
    <skillGains>
      <li>
        <defName>Mining</defName>
        <amount>2</amount>
      </li>
      <li>
        <defName>Plants</defName>
        <amount>1</amount>
      </li>
    </skillGains>
    <spawnCategories>
      <li>BlackWidow_Backstory</li>
    </spawnCategories>
 	    <forcedHediffs>
<li>WombMind</li>
<!--<li>CoreMind</li>-->
        </forcedHediffs> 
	</AlienRace.BackstoryDef>
	
</Defs>