<?xml version="1.0" encoding="utf-8" ?>
<Defs>

  <ThingDef Name="WidowArmorMakeableBase" ParentName="ApparelBase" Abstract="True">
    <recipeMaker>
      <recipeMaker>
        <li>WidowLoom</li>
      </recipeMaker>
      <workSpeedStat>GeneralLaborSpeed</workSpeedStat>
      <workSkill>Crafting</workSkill>
      <effectWorking>Smith</effectWorking>
      <soundWorking>Recipe_Machining</soundWorking>
      <unfinishedThingDef>UnfinishedApparel</unfinishedThingDef>
    </recipeMaker>
  </ThingDef>

 <!-- <ThingDef Name="ArmorHelmetMakeableBase" ParentName="ArmorMachineableBase" Abstract="True">
    <thingCategories>
      <li>Headgear</li>
    </thingCategories>
  </ThingDef>
  
  <ThingDef Name="HatMakeableBase" ParentName="ApparelMakeableBase" Abstract="True">
    <thingCategories>
      <li>Headgear</li>
    </thingCategories>
  </ThingDef> -->



 <ThingDef ParentName="ArmorMachineableBase">
    <defName>Apparel_HoverThrone</defName>
    <label>Widower Armor</label>
    <description>The standard armor for Black Widow reavers, Widower Mk 10 armor grants heavy standard defenses.</description>
    <!--<thingClass>ShieldBelt</thingClass>-->
    <techLevel>Ultra</techLevel>
    <recipeMaker>
      <unfinishedThingDef>UnfinishedTechArmor</unfinishedThingDef>
      <researchPrerequisite>PoweredArmor</researchPrerequisite>
      <skillRequirements>
        <Crafting>10</Crafting>
      </skillRequirements>	  
    </recipeMaker>
    <graphicData>
      <texPath>Things/Pawn/Humanlike/Apparel/Hoverthrone/Hoverthrone</texPath>
      <graphicClass>Graphic_Single</graphicClass>
    </graphicData>
 	<tickerType>Normal</tickerType>
	<statBases>
      <WorkToMake>190000</WorkToMake>
      <MaxHitPoints>380</MaxHitPoints>
      <MarketValue>3400</MarketValue>
      <Mass>4</Mass>
	  <StuffEffectMultiplierArmor>0.25</StuffEffectMultiplierArmor>
      <ArmorRating_Blunt>0.15</ArmorRating_Blunt>
      <ArmorRating_Sharp>0.35</ArmorRating_Sharp>
      <ArmorRating_Heat>0.75</ArmorRating_Heat>
      <Insulation_Cold>80</Insulation_Cold>
      <Insulation_Heat>75</Insulation_Heat>  	  
    </statBases>
    <equippedStatOffsets>		
        <ToxicSensitivity>-0.5</ToxicSensitivity>
		<ShootingAccuracyPawn>-.25</ShootingAccuracyPawn>
    </equippedStatOffsets>
    <thingCategories>
      <li>Apparel</li>
    </thingCategories>
    <costStuffCount>100</costStuffCount>
    <stuffCategories>
      <li>BWFabric</li>
    </stuffCategories>
    <costList>
      <ComponentIndustrial>4</ComponentIndustrial>
      <Plasteel>25</Plasteel>
      <Steel>150</Steel>
    </costList>
    <apparel>
      <bodyPartGroups>
        <li>Neck</li>
        <li>Torso</li>
        <li>BWShoulders</li>
        <li>Arms</li>
		<li>Legs</li>
        <li>BlackWidowLegs</li>
      </bodyPartGroups>
      <wornGraphicPath>Things/Pawn/Humanlike/Apparel/Hoverthrone/Hoverthrone</wornGraphicPath>
      <layers>
        <li>Middle</li>
        <li>Shell</li>
      </layers>
      <tags>
      <li>BlackWidowMeleeSoldier</li>
      </tags>
    </apparel>
  </ThingDef>

 <ThingDef ParentName="ApparelMakeableBase">
    <defName>Apparel_BWDaisyDukes</defName>
    <label>Black Widow Pedipalp Vestments</label>
    <description>These silk vestments cover a Black Widow matron's delicate pedipalps, protecting them from the elements while flattering her spiderish figure.</description>
	<recipeMaker>
      <researchPrerequisite>ComplexClothing</researchPrerequisite>
      <skillRequirements>
        <Crafting>5</Crafting>
      </skillRequirements>	  
	</recipeMaker>
    <graphicData>
      <texPath>Things/Pawn/Humanlike/Apparel/BW_DaisyDukes/BWDaisyDukes</texPath>
      <graphicClass>Graphic_Single</graphicClass>
    </graphicData>
    <costStuffCount>150</costStuffCount>
    <stuffCategories>
      <li>BWFabric</li>
    </stuffCategories>
    <thingCategories>
      <li>Apparel</li>
    </thingCategories>
    <statBases>
      <WorkToMake>5000</WorkToMake>
      <MaxHitPoints>200</MaxHitPoints>
      <MarketValue>700</MarketValue>
      <Mass>2</Mass>
      <Insulation_Cold>5</Insulation_Cold>
      <Insulation_Heat>120</Insulation_Heat>		  		  
    </statBases>
	<equippedStatOffsets>
		<SocialImpact>0.1</SocialImpact>
	</equippedStatOffsets>
    <apparel>
      <bodyPartGroups>
		<li>Legs</li>
        <li>BlackWidowLegs</li>
      </bodyPartGroups>
      <wornGraphicPath>Things/Pawn/Humanlike/Apparel/BW_DaisyDukes/BWDaisyDukes</wornGraphicPath>
      <layers>
        <li>OnSkin</li>
      </layers>
      <tags>
      <li>BlackWidowMeleeSoldier</li>
      <li>BlackWidow</li>	  
      </tags>
    </apparel>
  </ThingDef> 
  
   <ThingDef ParentName="ApparelMakeableBase">
    <defName>Apparel_BWTubeTop</defName>
    <label>Black Widow Dudou</label>
    <description>This basic silk halter top is imbued with widow-silk fibers.</description>
	<recipeMaker>
      <researchPrerequisite>ComplexClothing</researchPrerequisite>
	  <skillRequirements>
        <Crafting>5</Crafting>
      </skillRequirements>
	</recipeMaker>
    <graphicData>
      <texPath>Things/Pawn/Humanlike/Apparel/BW_TubeTop/BWTubeTop</texPath>
      <graphicClass>Graphic_Single</graphicClass>
    </graphicData>
    <costStuffCount>150</costStuffCount>
    <stuffCategories>
      <li>BWFabric</li>
    </stuffCategories>
    <thingCategories>
      <li>Apparel</li>
    </thingCategories>
 	<tickerType>Normal</tickerType>
    <statBases>
      <WorkToMake>5000</WorkToMake>
      <MaxHitPoints>200</MaxHitPoints>
      <MarketValue>700</MarketValue>
      <Mass>2</Mass>
      <Insulation_Cold>5</Insulation_Cold>
      <Insulation_Heat>120</Insulation_Heat>	  
    </statBases>	
    <apparel>
      <bodyPartGroups>
        <li>Torso</li>
        <li>BWShoulders</li>
		</bodyPartGroups>
      <wornGraphicPath>Things/Pawn/Humanlike/Apparel/BW_TubeTop/BWTubeTop</wornGraphicPath>
      <layers>
        <li>OnSkin</li>
      </layers>
      <tags>
      <li>BlackWidowMeleeSoldier</li>
      <li>BlackWidow</li>	  
      </tags>
    </apparel>
	<colorGenerator Class="ColorGenerator_StandardApparel" />
  </ThingDef> 
  
  
<ThingDef ParentName="ApparelMakeableBase">
    <defName>Apparel_BWLingerie</defName>
    <description>A slinky lingerie top of pure widow silk. It concentrates the psionic shield widows wear, drawing it right onto the surface of their skin. This allows the wearer to subtly mold their bodies to enhance their physical appeal. Light and airy apparel that's great for hot climates but will leave a Widow shivering in even mildly cold environs.</description>
    <label>Black Widow Lingerie Top</label>
    <recipeMaker>
      <researchPrerequisite>FlakArmor</researchPrerequisite>
      <skillRequirements>
        <Crafting>8</Crafting>
      </skillRequirements>	  
    </recipeMaker>
    <graphicData>
      <texPath>Things/Pawn/Humanlike/Apparel/BW_SpiderLingerie/SpiderLingerie</texPath>
      <graphicClass>Graphic_Single</graphicClass>
    </graphicData>
    <costStuffCount>150</costStuffCount>
    <stuffCategories>
      <li>BWFabric</li>
    </stuffCategories>
    <costList>
	  <ComponentIndustrial>1</ComponentIndustrial>
    </costList>
    <thingCategories>
      <li>Apparel</li>
    </thingCategories>
    <statBases>
      <WorkToMake>5500</WorkToMake>
      <MaxHitPoints>200</MaxHitPoints>
      <MarketValue>750</MarketValue>
      <Mass>2</Mass>
      <Insulation_Cold>-10</Insulation_Cold>
      <Insulation_Heat>135</Insulation_Heat>	  
    </statBases>
	<equippedStatOffsets>
		<SocialImpact>0.30</SocialImpact>
	</equippedStatOffsets>
    <apparel>
      <bodyPartGroups>
        <li>Torso</li>
        <li>BWShoulders</li>
		</bodyPartGroups>
      <wornGraphicPath>Things/Pawn/Humanlike/Apparel/BW_SpiderLingerie/SpiderLingerie</wornGraphicPath>
      <layers>
        <li>OnSkin</li>
      </layers>
      <tags>
        <li>BlackWidowMilitary</li>
      </tags>
    </apparel>
	<!-- <colorGenerator Class="ColorGenerator_StandardApparel" /> -->
  </ThingDef> 
  
 <ThingDef ParentName="ApparelMakeableBase">
    <defName>Apparel_BWNurseCostume</defName>
    <label>Black Widow Maid Dress</label>
    <description>Black Widows are naturally aggressive and dominating beings, so it is all the more amusing that many of them love pretending submissiveness in the comfort of their own homes. This maid's costume concentrates the psionic energy of a Widow, sacrificing her natural shielding ability for increased social impact.</description>
	<recipeMaker>
      <researchPrerequisite>FlakArmor</researchPrerequisite>
      <skillRequirements>
        <Crafting>8</Crafting>
      </skillRequirements>	  
	</recipeMaker>
    <graphicData>
      <texPath>Things/Pawn/Humanlike/Apparel/BW_NurseCostume/BWNurseCostume</texPath>
      <graphicClass>Graphic_Single</graphicClass>
	  <shaderType>CutoutComplex</shaderType>
    </graphicData>
    <costStuffCount>150</costStuffCount>
    <stuffCategories>
      <li>BWFabric</li>
    </stuffCategories>
    <costList>
	  <ComponentIndustrial>1</ComponentIndustrial>
    </costList>
    <thingCategories>
      <li>Apparel</li>
    </thingCategories>
    <statBases>
      <WorkToMake>5000</WorkToMake>
      <MaxHitPoints>200</MaxHitPoints>
      <MarketValue>700</MarketValue>
      <Mass>2</Mass>
      <Insulation_Cold>-10</Insulation_Cold>
      <Insulation_Heat>135</Insulation_Heat>
    </statBases>
	<equippedStatOffsets>
		<SocialImpact>0.30</SocialImpact>
	</equippedStatOffsets>
    <apparel>
      <bodyPartGroups>
		<li>Legs</li>
        <li>BlackWidowLegs</li>
      </bodyPartGroups>
      <wornGraphicPath>Things/Pawn/Humanlike/Apparel/BW_NurseCostume/BWNurseCostume</wornGraphicPath>
      <layers>
        <li>OnSkin</li>
      </layers>
      <tags>
        <li>BlackWidowMilitary</li>
      </tags>
    </apparel>
  </ThingDef> 

  
  
 <ThingDef ParentName="ApparelMakeableBase">
    <defName>Apparel_BWSpiderFurs</defName>
    <label>furred widow armor</label>
    <description>Tough, well insulated armor for widows. Though great for cold climates, the Widow silk worked into this outfit does little to harness its wearer's psionic powers.</description>
    <recipeMaker>
      <unfinishedThingDef>UnfinishedMetallicTechArmor</unfinishedThingDef>
      <researchPrerequisite>PlateArmor</researchPrerequisite>
      <skillRequirements>
        <Crafting>9</Crafting>
      </skillRequirements>
    </recipeMaker>
    <graphicData>
      <texPath>Things/Pawn/Humanlike/Apparel/BW_SpiderFurs/BWSpiderFurs</texPath>
      <graphicClass>Graphic_Single</graphicClass>
      <drawSize>0.85</drawSize>
    </graphicData>
    <costStuffCount>75</costStuffCount>
    <stuffCategories>
      <li>Leathery</li>	  
    </stuffCategories>	  
    <costList>
      <WidowSilk>150</WidowSilk>
      <Steel>50</Steel>	  
    </costList>	
    <thingCategories>
      <li>Apparel</li>
    </thingCategories>
    <statBases>
      <MaxHitPoints>250</MaxHitPoints>
      <WorkToMake>30000</WorkToMake>
      <Mass>8</Mass>
      <StuffEffectMultiplierArmor>0.6</StuffEffectMultiplierArmor>
      <StuffEffectMultiplierInsulation_Cold>0.75</StuffEffectMultiplierInsulation_Cold>
      <StuffEffectMultiplierInsulation_Heat>0.25</StuffEffectMultiplierInsulation_Heat>
      <EquipDelay>8</EquipDelay>
    </statBases>
    <apparel>
      <bodyPartGroups>
        <li>Torso</li>
        <li>Neck</li>
        <li>BWShoulders</li>
        <li>Arms</li>
		<li>Legs</li>
        <li>BlackWidowLegs</li>	
      </bodyPartGroups>
      <wornGraphicPath>Things/Pawn/Humanlike/Apparel/BW_SpiderFurs/BWSpiderFurs</wornGraphicPath>
      <layers>
        <li>Shell</li>
      </layers>
      <tags>
        <li>BlackWidowMilitary</li>
      </tags>
      <defaultOutfitTags>
        <li>BlackWidowSoldier</li>
      </defaultOutfitTags>	  
    </apparel>
    <colorGenerator Class="ColorGenerator_Options">
      <options>
        <li>
          <weight>10</weight>
          <only>(0.33,0.33,0.33)</only>
        </li>
        <li>
          <weight>10</weight>
          <only>(0.65,0.65,0.65)</only>
        </li>
        <li>
          <weight>10</weight>
          <only>(0.4,0.3,0.15)</only>
        </li>
        <li>
          <weight>15</weight>
          <min>(0.3,0.3,0.3)</min>
          <max>(0.5,0.5,0.5)</max>
        </li>
        <li>
          <weight>6</weight>
          <min>(0.5,0.5,0.5)</min>
          <max>(1,1,1)</max>
        </li>
      </options>
    </colorGenerator>
	</ThingDef>
  
  
 <ThingDef ParentName="ArmorMachineableBase">
    <defName>Apparel_MAGISuit</defName>
    <label>MAGI Suit</label>
    <description>The Mechanist Agility Gravitic Inheritor suit, or MAGI for short, exhudes a cloud of anti-gravitic nanites to grant the wearer unparalleled agility and mobility as well as reasonable protection. It sacrifices psionic shielding for pure speed and agility enhancement. This armor is most popular with Black Widows mech pilots and assassins, both of whom need to move dextrously to efficiently complete their missions.</description>
    <techLevel>Ultra</techLevel>
    <recipeMaker>
      <unfinishedThingDef>UnfinishedTechArmor</unfinishedThingDef>
      <researchPrerequisite>PoweredArmor</researchPrerequisite>
      <skillRequirements>
        <Crafting>15</Crafting>
      </skillRequirements>	  
    </recipeMaker>
    <graphicData>
      <texPath>Things/Pawn/Humanlike/Apparel/MAGISuit/MAGISuit</texPath>
      <graphicClass>Graphic_Single</graphicClass>
	  <shaderType>CutoutComplex</shaderType>	  
    </graphicData>
	<tickerType>Normal</tickerType>
    <statBases>
      <WorkToMake>300000</WorkToMake>
      <MaxHitPoints>400</MaxHitPoints>
      <MarketValue>5000</MarketValue>
      <Mass>10</Mass>
      <StuffEffectMultiplierArmor>0.25</StuffEffectMultiplierArmor>	  
      <ArmorRating_Blunt>0.35</ArmorRating_Blunt>
      <ArmorRating_Sharp>0.70</ArmorRating_Sharp>
      <ArmorRating_Heat>0.45</ArmorRating_Heat>
      <Insulation_Cold>45</Insulation_Cold>
      <Insulation_Heat>45</Insulation_Heat>
      <EquipDelay>10</EquipDelay>	  
    </statBases>
    <equippedStatOffsets>
	  <MoveSpeed>5.0</MoveSpeed> <!--Nyooooooooom-->
	  <ShootingAccuracyPawn>1.2</ShootingAccuracyPawn>
    </equippedStatOffsets>
    <thingCategories>
      <li>Apparel</li>
    </thingCategories>
    <costStuffCount>200</costStuffCount>
    <stuffCategories>
      <li>BWFabric</li>
    </stuffCategories>
    <costList>
      <ComponentSpacer>7</ComponentSpacer>
      <Plasteel>100</Plasteel>	  
    </costList>
    <apparel>
      <bodyPartGroups>
        <li>Neck</li>
        <li>Torso</li>
        <li>BWShoulders</li>
        <li>Arms</li>
		<li>Legs</li>
        <li>BlackWidowLegs</li>
      </bodyPartGroups>
      <wornGraphicPath>Things/Pawn/Humanlike/Apparel/MAGISuit/MAGISuit</wornGraphicPath>
      <layers>
        <li>Middle</li>
        <li>Shell</li>
      </layers>
      <tags>
        <li>BlackWidowMilitary</li>
      </tags>
      <defaultOutfitTags>
        <li>BlackWidowSoldier</li>
      </defaultOutfitTags>
    </apparel>
  </ThingDef>
 
  <ThingDef ParentName="ApparelMakeableBase">
    <defName>Apparel_BWDuster</defName>
    <description>Widowsilk dusters are artifacts of, specifically, Reaver ingenuity. Outlawed in the widow core worlds, they infuse the sentients wearing them with the psionic power necessary to traverse widowsilk floors without issue, but at a terrible cost: they can only be made by weaving widowsilk through the recently deceased flesh of beings similar to the sentient that the cloak has been crafted for.</description>
    <label>widowsilk duster</label>
    <recipeMaker>
      <researchPrerequisite>ComplexClothing</researchPrerequisite>
      <skillRequirements>
        <Crafting>7</Crafting>
      </skillRequirements>
	  </recipeMaker>
    <graphicData>
      <texPath>Things/Pawn/Humanlike/Apparel/WidowDuster/BWDuster</texPath>
      <graphicClass>Graphic_Single</graphicClass>
	  <shaderType>CutoutComplex</shaderType>	  
      <drawSize>1.05</drawSize>
    </graphicData>
    <costStuffCount>45</costStuffCount>
    <stuffCategories>
      <li>BWFabric</li>
    </stuffCategories>
    <costList>
	  <Leather_Human>24</Leather_Human>
    </costList>	
    <thingCategories>
      <li>Apparel</li>
    </thingCategories>
    <statBases>
      <MaxHitPoints>200</MaxHitPoints>
      <WorkToMake>10000</WorkToMake>
      <Mass>2.2</Mass>
      <StuffEffectMultiplierArmor>0.35</StuffEffectMultiplierArmor>
      <StuffEffectMultiplierInsulation_Cold>0.45</StuffEffectMultiplierInsulation_Cold>
      <StuffEffectMultiplierInsulation_Heat>0.85</StuffEffectMultiplierInsulation_Heat>
      <EquipDelay>2.5</EquipDelay>
    </statBases>
    <apparel>
      <bodyPartGroups>
        <li>Torso</li>
        <li>Neck</li>
        <li>Shoulders</li>
        <li>Arms</li>
        <li>Legs</li>
      </bodyPartGroups>
      <wornGraphicPath>Things/Pawn/Humanlike/Apparel/WidowDuster/BWDuster</wornGraphicPath>
      <layers>
        <li>Shell</li>
      </layers>
      <tags>
        <li>IndustrialAdvanced</li>
      </tags>
      <defaultOutfitTags>
        <li>Worker</li>
      </defaultOutfitTags>
    </apparel>
		<modExtensions>
			<li Class="BlackWidows.PawnTerrainHandler">
				<tags>
					<li>BlackWidow</li>
				</tags>
			</li>
		</modExtensions>	
    <colorGenerator Class="ColorGenerator_Options">
      <options>
        <li>
          <weight>10</weight>
          <only>(0.33,0.33,0.33)</only>
        </li>
        <li>
          <weight>10</weight>
          <only>(0.65,0.65,0.65)</only>
        </li>
        <li>
          <weight>30</weight>
          <only>(0.4,0.3,0.15)</only>
        </li>
        <li>
          <weight>6</weight>
          <min>(0.3,0.3,0.3)</min>
          <max>(0.5,0.5,0.5)</max>
        </li>
        <li>
          <weight>2</weight>
          <min>(0.5,0.5,0.5)</min>
          <max>(1,1,1)</max>
        </li>
      </options>
    </colorGenerator>
  </ThingDef> 
 
  
    <ThingDef ParentName="ArmorHelmetMakeableBase">
    <defName>Apparel_BWWidowVeil</defName>
    <label>widow's veil</label>
    <description>A war veil, made out of widow's silk and various metals.</description>
    <techLevel>Industrial</techLevel>
    <graphicData>
      <texPath>Things/Pawn/Humanlike/Apparel/BW_WidowVeil/WidowVeil</texPath>
      <graphicClass>Graphic_Single</graphicClass>
      <!-- <drawSize>0.80</drawSize> -->
    </graphicData>
    <stuffCategories>
      <li>Metallic</li>
    </stuffCategories>
    <costStuffCount>30</costStuffCount>
    <costList>
      <WidowSilk>75</WidowSilk>	  
    </costList>	
    <statBases>
      <WorkToMake>1750</WorkToMake>
      <MaxHitPoints>120</MaxHitPoints>
      <Mass>0.1</Mass>
      <StuffEffectMultiplierArmor>0.5</StuffEffectMultiplierArmor>
      <StuffEffectMultiplierInsulation_Cold>0.05</StuffEffectMultiplierInsulation_Cold>
      <StuffEffectMultiplierInsulation_Heat>0.1</StuffEffectMultiplierInsulation_Heat>
      <EquipDelay>1.5</EquipDelay>
    </statBases>
    <equippedStatOffsets>
      <PainShockThreshold>0.05</PainShockThreshold>
	  <MeleeDodgeChance>0.15</MeleeDodgeChance>
    </equippedStatOffsets>
    <apparel>
      <bodyPartGroups>
        <li>UpperHead</li>
      </bodyPartGroups>
      <wornGraphicPath>Things/Pawn/Humanlike/Apparel/BW_WidowVeil/WidowVeil</wornGraphicPath>
      <!-- <hatRenderedFrontOfFace>true</hatRenderedFrontOfFace> -->
      <layers>
        <li>Overhead</li>
      </layers>
      <tags>
        <li>BlackWidowMilitary</li>
      </tags>
      <defaultOutfitTags>
        <li>BlackWidowSoldier</li>
      </defaultOutfitTags>
    </apparel>
  </ThingDef> 
 
 
  
    <ThingDef ParentName="ArmorHelmetMakeableBase">
    <defName>Apparel_BWWidowMaidHelm</defName>
    <label>widow's maid hat</label>
    <description>A widow silk hat specially tailored to compliment the maid outfits that widows like the most.</description>
	<recipeMaker>
      <researchPrerequisite>FlakArmor</researchPrerequisite>
      <skillRequirements>
        <Crafting>8</Crafting>
      </skillRequirements>	  
	</recipeMaker>
    <techLevel>Industrial</techLevel>
    <graphicData>
      <texPath>Things/Pawn/Humanlike/Apparel/BW_WidowMaidHelm/WidowMaidHelm</texPath>
      <graphicClass>Graphic_Single</graphicClass>
      <!-- <drawSize>0.80</drawSize> -->
    </graphicData>
    <stuffCategories>
      <li>Fabric</li>
    </stuffCategories>
    <costStuffCount>30</costStuffCount>
    <costList>
      <WidowSilk>25</WidowSilk>	  
    </costList>	
    <statBases>
      <WorkToMake>1750</WorkToMake>
      <MaxHitPoints>120</MaxHitPoints>
      <Mass>0.1</Mass>
      <StuffEffectMultiplierArmor>0.15</StuffEffectMultiplierArmor>
      <StuffEffectMultiplierInsulation_Cold>0.05</StuffEffectMultiplierInsulation_Cold>
      <StuffEffectMultiplierInsulation_Heat>0.2</StuffEffectMultiplierInsulation_Heat>
      <EquipDelay>1.5</EquipDelay>
    </statBases>
    <equippedStatOffsets>
		<SocialImpact>0.1</SocialImpact>
    </equippedStatOffsets>
    <apparel>
      <bodyPartGroups>
        <li>UpperHead</li>
      </bodyPartGroups>
      <wornGraphicPath>Things/Pawn/Humanlike/Apparel/BW_WidowMaidHelm/WidowMaidHelm</wornGraphicPath>
      <!-- <hatRenderedFrontOfFace>true</hatRenderedFrontOfFace> -->
      <layers>
        <li>Overhead</li>
      </layers>
      <tags>
        <li>BlackWidowMilitary</li>
      </tags>
    </apparel>
  </ThingDef>  
  

  
  
    <ThingDef ParentName="ArmorHelmetMakeableBase">
    <defName>Apparel_BWMAGISuitHelm</defName>
    <label>widow's magi suit helm</label>
    <description>The MAGI suit's helmet is equiped with a range of sensors that improve their wearer's agility to help compensate for the intense speed that the suit itself provides .</description>
    <techLevel>Ultra</techLevel>
    <recipeMaker>
      <unfinishedThingDef>UnfinishedTechArmor</unfinishedThingDef>
      <researchPrerequisite>PoweredArmor</researchPrerequisite>
      <skillRequirements>
        <Crafting>15</Crafting>
      </skillRequirements>	  
    </recipeMaker>
    <graphicData>
      <texPath>Things/Pawn/Humanlike/Apparel/BW_MAGISuitHelm/MAGISuitHelm</texPath>
      <graphicClass>Graphic_Single</graphicClass>
	  <shaderType>CutoutComplex</shaderType>
      <colorTwo>(70,20,70)</colorTwo>	  
      <!-- <drawSize>0.80</drawSize> -->
    </graphicData>
    <costStuffCount>75</costStuffCount>
    <stuffCategories>
      <li>BWFabric</li>
    </stuffCategories>
    <costList>
      <Plasteel>35</Plasteel>
	  <ComponentSpacer>3</ComponentSpacer>  
    </costList>	
	<tickerType>Normal</tickerType>
    <statBases>
      <WorkToMake>21000</WorkToMake>
      <MaxHitPoints>130</MaxHitPoints>
      <MarketValue>5000</MarketValue>
      <Mass>2.5</Mass>
      <Flammability>0.6</Flammability>
      <StuffEffectMultiplierArmor>0.25</StuffEffectMultiplierArmor>	  
      <ArmorRating_Blunt>0.15</ArmorRating_Blunt>
      <ArmorRating_Sharp>0.70</ArmorRating_Sharp>
      <ArmorRating_Heat>0.35</ArmorRating_Heat>
      <Insulation_Cold>15</Insulation_Cold>
      <Insulation_Heat>10</Insulation_Heat>
      <EquipDelay>4</EquipDelay>	  
    </statBases>
    <equippedStatOffsets>
	  <ShootingAccuracyPawn>1.1</ShootingAccuracyPawn>
	  <MeleeDodgeChance>0.10</MeleeDodgeChance>	  
    </equippedStatOffsets>	
    <apparel>
      <bodyPartGroups>
        <li>FullHead</li>
      </bodyPartGroups>
      <wornGraphicPath>Things/Pawn/Humanlike/Apparel/BW_MAGISuitHelm/MAGISuitHelm</wornGraphicPath>
      <!-- <hatRenderedFrontOfFace>true</hatRenderedFrontOfFace> -->
      <layers>
        <li>Overhead</li>
      </layers>
      <tags>
        <li>BlackWidowMilitary</li>
      </tags>
    </apparel>
  </ThingDef> 
  
  
    <ThingDef ParentName="ArmorHelmetMakeableBase">
    <defName>Apparel_BWGlasses</defName>
    <label>widow's glasses</label>
    <description>Glasses that focus the psionic power of widows, allowing them to generate a shield that protects them from projectile weaponry.</description>
	<thingClass>ShieldBelt</thingClass>
    <techLevel>Industrial</techLevel>
    <recipeMaker>
      <unfinishedThingDef>UnfinishedMetallicTechArmor</unfinishedThingDef>
      <researchPrerequisite>ComplexClothing</researchPrerequisite>
      <skillRequirements>
        <Crafting>7</Crafting>
      </skillRequirements>
    </recipeMaker>
    <graphicData>
      <texPath>Things/Pawn/Humanlike/Apparel/BW_Glasses/BWGlasses</texPath>
      <graphicClass>Graphic_Single</graphicClass>
      <!-- <drawSize>0.80</drawSize> -->
    </graphicData>
    <tickerType>Normal</tickerType>	
    <stuffCategories>
      <li>BWFabric</li>
    </stuffCategories>
    <costStuffCount>15</costStuffCount>
    <costList>
      <Steel>25</Steel>
    </costList>	
    <statBases>
      <WorkToMake>1000</WorkToMake>
      <MaxHitPoints>75</MaxHitPoints>
      <Mass>0.1</Mass>
      <StuffEffectMultiplierArmor>0.15</StuffEffectMultiplierArmor>
      <StuffEffectMultiplierInsulation_Cold>0.025</StuffEffectMultiplierInsulation_Cold>
      <StuffEffectMultiplierInsulation_Heat>0.2</StuffEffectMultiplierInsulation_Heat>
      <EquipDelay>1.0</EquipDelay>	 
	  <EnergyShieldEnergyMax>.2</EnergyShieldEnergyMax>
	  <EnergyShieldRechargeRate>0.05</EnergyShieldRechargeRate>		  
	</statBases>
    <apparel>
      <bodyPartGroups>
        <li>UpperHead</li>
      </bodyPartGroups>
      <wornGraphicPath>Things/Pawn/Humanlike/Apparel/BW_Glasses/BWGlasses</wornGraphicPath>
      <hatRenderedFrontOfFace>true</hatRenderedFrontOfFace>
      <layers>
        <li>Overhead</li>
      </layers>
      <tags>
      <li>BlackWidowMeleeSoldier</li>
      </tags>
    </apparel>
  </ThingDef>  
  
  
    <ThingDef ParentName="ArmorHelmetMakeableBase">
    <defName>Apparel_BWWidowCrown</defName>
    <label>widow's crown</label>
    <description>A crown infused with widow silk fibers. Only a great master can create this crown, but the effort is worth it, as it greatly enhances its wearer's psionic charm and shield capacity.</description>
	<thingClass>ShieldBelt</thingClass>
    <techLevel>Industrial</techLevel>
    <recipeMaker>
      <unfinishedThingDef>UnfinishedMetallicTechArmor</unfinishedThingDef>
      <researchPrerequisite>PlateArmor</researchPrerequisite>
      <skillRequirements>
        <Crafting>15</Crafting>
      </skillRequirements>
    </recipeMaker>
    <graphicData>
      <texPath>Things/Pawn/Humanlike/Apparel/BW_WidowCrown/WidowCrown</texPath>
      <graphicClass>Graphic_Single</graphicClass>
      <!-- <drawSize>0.80</drawSize> -->
    </graphicData>
    <tickerType>Normal</tickerType>	
    <stuffCategories>
      <li>BWFabric</li>
    </stuffCategories>
    <costStuffCount>50</costStuffCount>
    <costList>
      <Steel>100</Steel>
	  <Plasteel>25</Plasteel>
    </costList>	
    <statBases>
      <WorkToMake>2000</WorkToMake>
      <MaxHitPoints>100</MaxHitPoints>
      <Mass>0.1</Mass>
      <StuffEffectMultiplierArmor>0.45</StuffEffectMultiplierArmor>
      <StuffEffectMultiplierInsulation_Cold>0.025</StuffEffectMultiplierInsulation_Cold>
      <StuffEffectMultiplierInsulation_Heat>0.2</StuffEffectMultiplierInsulation_Heat>
      <EquipDelay>1.0</EquipDelay>	 
	  <EnergyShieldEnergyMax>1.5</EnergyShieldEnergyMax>
	  <EnergyShieldRechargeRate>0.25</EnergyShieldRechargeRate>		  
	</statBases>
    <equippedStatOffsets>
		<SocialImpact>0.15</SocialImpact>
    </equippedStatOffsets>
    <apparel>
      <bodyPartGroups>
        <li>UpperHead</li>
      </bodyPartGroups>
      <wornGraphicPath>Things/Pawn/Humanlike/Apparel/BW_WidowCrown/WidowCrown</wornGraphicPath>
      <hatRenderedFrontOfFace>true</hatRenderedFrontOfFace>
      <layers>
        <li>Overhead</li>
      </layers>
      <tags>
      <li>BlackWidowMeleeSoldier</li>
      </tags>
    </apparel>
  </ThingDef>

     <ThingDef ParentName="ArmorHelmetMakeableBase">
    <defName>Apparel_BWReaverHelm</defName>
    <label>widow's reaver helmet</label>
    <description>The helmet worn by widow reavers provides solid protection for close-quarters fighting while serving to further harness their psionic abilities to provide shielding. They can be a bit stuffy, however.</description>
	<thingClass>ShieldBelt</thingClass>
    <techLevel>Industrial</techLevel>
    <recipeMaker>
      <unfinishedThingDef>UnfinishedMetallicTechArmor</unfinishedThingDef>
      <researchPrerequisite>PoweredArmor</researchPrerequisite>
      <skillRequirements>
        <Crafting>10</Crafting>
      </skillRequirements>
    </recipeMaker>
    <graphicData>
      <texPath>Things/Pawn/Humanlike/Apparel/BW_ReaverHelm/BWReaverHelm</texPath>
      <graphicClass>Graphic_Single</graphicClass>
      <!-- <drawSize>0.80</drawSize> -->
    </graphicData>
    <tickerType>Normal</tickerType>	
    <costStuffCount>50</costStuffCount>
    <stuffCategories>
      <li>BWFabric</li>
    </stuffCategories>
    <costList>
	  <Steel>50</Steel>
      <Plasteel>15</Plasteel>
      <ComponentIndustrial>2</ComponentIndustrial>	  
    </costList>	
    <statBases>
      <WorkToMake>21000</WorkToMake>
      <MaxHitPoints>145</MaxHitPoints>
      <Mass>2.5</Mass>
      <Flammability>0.6</Flammability>
      <StuffEffectMultiplierArmor>0.15</StuffEffectMultiplierArmor>	  
      <ArmorRating_Sharp>0.90</ArmorRating_Sharp>
      <ArmorRating_Blunt>0.26</ArmorRating_Blunt>
      <ArmorRating_Heat>0.9</ArmorRating_Heat>
      <Insulation_Cold>6</Insulation_Cold>
      <Insulation_Heat>-1</Insulation_Heat>
      <EquipDelay>3.5</EquipDelay>
	  <EnergyShieldEnergyMax>1.15</EnergyShieldEnergyMax>	
	  <EnergyShieldRechargeRate>0.1</EnergyShieldRechargeRate>	  
	</statBases>	
    <apparel>
      <bodyPartGroups>
        <li>FullHead</li>
      </bodyPartGroups>
      <wornGraphicPath>Things/Pawn/Humanlike/Apparel/BW_ReaverHelm/BWReaverHelm</wornGraphicPath>
      <!-- <hatRenderedFrontOfFace>true</hatRenderedFrontOfFace> -->
      <layers>
        <li>Overhead</li>
      </layers>
      <tags>
      <li>BlackWidowMeleeSoldier</li>
      </tags>
    </apparel>
  </ThingDef>  
 

 <ThingDef ParentName="ApparelBase">
    <defName>Apparel_WidowBelt</defName>
		<label>temporary widow belt</label>
    <description>A belt designed by widows to let widow floors know that their comrades can pass without being slowed. Something tells you this belt is a placeholder for something greater...</description>
		<thingClass>ShieldBelt</thingClass>
		<graphicData>
      <texPath>Things/Pawn/Humanlike/Apparel/ShieldBelt/ShieldBelt</texPath>
      <graphicClass>Graphic_Single</graphicClass>
    </graphicData>
    <tradeability>None</tradeability>	
    <tickerType>Normal</tickerType>
    <statBases>
      <Mass>3</Mass>
      <WorkToMake>14000</WorkToMake>
      <Flammability>0.4</Flammability>
      <EquipDelay>2</EquipDelay>
      <EnergyShieldEnergyMax>0.0</EnergyShieldEnergyMax>	  
    </statBases>
    <equippedStatOffsets>	
      <EnergyShieldRechargeRate>0.0</EnergyShieldRechargeRate>
    </equippedStatOffsets>	
    <costList>
      <ComponentIndustrial>2</ComponentIndustrial>
      <Steel>25</Steel>
      <WidowSilk>75</WidowSilk>
    </costList>
		<recipeMaker>
			<unfinishedThingDef>UnfinishedBelt</unfinishedThingDef>
			<workSpeedStat>GeneralLaborSpeed</workSpeedStat>
			<workSkill>Crafting</workSkill>
			<effectWorking>Smith</effectWorking>
			<soundWorking>Recipe_Machining</soundWorking>
			<recipeUsers Inherit="false" />
      <skillRequirements>
        <Crafting>9</Crafting>
      </skillRequirements>
		</recipeMaker>
    <thingCategories>
      <li>Apparel</li>
    </thingCategories>
    <apparel>
      <careIfWornByCorpse>false</careIfWornByCorpse>
      <bodyPartGroups>
        <li>Waist</li>
      </bodyPartGroups>
      <layers>
        <li>Belt</li>
      </layers>
      <!--<tags>
        <li>BeltDefense</li>
      </tags>-->
    </apparel>
		<modExtensions>
			<li Class="BlackWidows.PawnTerrainHandler">
				<tags>
					<li>BlackWidow</li>
				</tags>
			</li>
		</modExtensions>	
    <colorGenerator Class="ColorGenerator_Options">
      <options>
        <li>
          <weight>10</weight>
          <only>(0.33,0.33,0.33,1)</only>
        </li>
        <li>
          <weight>10</weight>
          <only>(0.65,0.65,0.65,1)</only>
        </li>
        <li>
          <weight>6</weight>
          <min>(0.3,0.3,0.3,1)</min>
          <max>(0.5,0.5,0.5,1)</max>
        </li>
        <li>
          <weight>10</weight>
          <only>(0.9,0.9,0.9,1)</only>
        </li>
      </options>
    </colorGenerator>
  </ThingDef>
 
</Defs>