﻿<?xml version="1.0" encoding="utf-8" ?>
<Defs>

  <!-- <WorkGiverDef>
    <defName>DoBillsWidowLoom</defName>
    <label>do bills at the widow loom</label>
    <giverClass>WorkGiver_DoBill</giverClass>
    <workType>Smithing</workType>
    <priorityInType>75</priorityInType>
    <fixedBillGiverDefs>
      <li>WidowLoom</li>
    </fixedBillGiverDefs>
    <verb>work</verb>
    <gerund>working at</gerund>
    <requiredCapacities>
      <li>Manipulation</li>
    </requiredCapacities>
    <prioritizeSustains>true</prioritizeSustains>
  </WorkGiverDef> -->
 
  	<WorkGiverDef>
		<defName>WidowMilkyLover</defName>
		<label>gather silk from lover</label>
		<giverClass>BlackWidows.WorkGiver_MilkHumanoidWidow</giverClass>
		<workType>Handling</workType>
		<verb>gather</verb>
		<gerund>gathering</gerund>
		<priorityInType>10</priorityInType>
		<requiredCapacities>
			<li>Manipulation</li>
		</requiredCapacities>
	</WorkGiverDef>
  	<WorkGiverDef>
		<defName>WidowMilkyOther</defName>
		<label>gather silk from other</label>
		<giverClass>BlackWidows.WorkGiver_MilkHumanoidWidow</giverClass>
		<workType>Handling</workType>
		<verb>gather</verb>
		<gerund>gathering</gerund>
		<priorityInType>10</priorityInType>
		<requiredCapacities>
			<li>Manipulation</li>
		</requiredCapacities>
	</WorkGiverDef>
  	<WorkGiverDef>
		<defName>WidowMilkySelf</defName>
		<label>gather silk from self</label>
		<giverClass>BlackWidows.WorkGiver_MilkHumanoidWidow</giverClass>
		<workType>Handling</workType>
		<verb>gather</verb>
		<gerund>gathering</gerund>
		<priorityInType>10</priorityInType>
		<requiredCapacities>
			<li>Manipulation</li>
		</requiredCapacities>
	</WorkGiverDef>

	
	
	<!--<WorkGiverDef>
		<defName>TakeWineofMemoriesOutOfFermentingBarrel</defName>
		<label>take product out of fermenter</label>
		<giverClass>Kubouch.WorkGiver_TakeProductOutOfUniversalFermenter</giverClass>
		<workType>Hauling</workType>
		<verb>take product</verb>
		<gerund>taking product from</gerund>
		<priorityInType>20</priorityInType>
		<requiredCapacities>
			<li>Manipulation</li>
		</requiredCapacities>
	</WorkGiverDef>
	
	<WorkGiverDef>
		<defName>FillWineofMemoriesFermentingBarrel</defName>
		<label>fill fermenter</label>
		<giverClass>Kubouch.WorkGiver_FillUniversalFermenter</giverClass>
		<workType>Hauling</workType>
		<verb>fill</verb>
		<gerund>filling</gerund>
		<priorityInType>19</priorityInType>
		<requiredCapacities>
			<li>Manipulation</li>
		</requiredCapacities>
	</WorkGiverDef>-->	
	
	
	
</Defs>